19.4903	3
38.3109	2
138.518	2
24.229	3
160.189	2
98.8529	3
7.1327	2
88.1093	3
66.6815	0
236.259	2
156.292	2
213.491	1
127.463	3
33.2401	1
41.4008	1
46.4643	0
104.056	1
221.037	3
82.9845	3
76.144	0
42.8718	0
104.056	2
147.955	2
104.056	3
82.9845	0
126.392	3
266.75	3
163.613	0
42.8718	1
96.6994	3
57.3384	2
150.433	0
126.392	0
60.2976	2
75.5013	0
176.492	1
11.497	1
25.1315	0
60.2976	1
297.269	3
59.6147	3
77.6513	1
149.092	3
37.9677	3
97.3643	0
42.4556	3
202.028	3
90.3312	3
90.0562	2
109.036	1
27.1671	3
144.81	2
23.012	2
69.095	2
40.0765	0
214.454	2
291.878	1
127.721	2
146.564	3
26.8385	2
82.6153	3
146.564	0
15.8438	3
63.8309	0
127.721	2
125.036	3
82.6153	2
187.518	0
82.6153	3
67.4184	1
67.4184	2
110.345	0
68.4089	2
23.7167	3
213.658	2
256.111	1
13.4273	2
179.02	0
34.5417	0
109.273	1
170.585	1
111.06	3
147.955	0
146.712	3
137.238	1
243.765	1
42.3411	2
248.663	2
103.829	2
94.317	2
36.5593	3
36.5593	3
102.268	0
23.5488	1
39.5149	1
84.5155	1
255.146	2
52.2225	1
241.933	0
24.6634	2
22.9085	3
120.838	1
19.373	0
45.0461	3
242.344	3
275.382	0
107.362	1
70.3609	3
97.6441	0
189.295	2
107.362	3
27.1671	0
46.5828	3
84.8815	0
77.8383	0
21.2473	3
249.802	3
105.482	1
198.828	1
35.9477	1
203.209	3
175.19	0
183.461	3
10.628	3
37.6211	3
11.8702	1
110.345	2
183.939	1
85.0691	0
121.254	3
63.3297	1
108.145	1
102.985	0
152.383	1
288.862	2
152.383	0
121.254	3
109.894	2
85.5982	0
30.5821	1
243.765	3
177.35	0
35.6849	1
175.597	1
253.135	3
102.985	3
56.7893	0
253.135	1
33.6993	0
39.5149	3
91.0258	3
298.375	1
6.36569	1
102.268	2
158.682	1
22.8709	1
50.0099	1
241.933	3
96.5264	0
37.0745	3
43.2504	1
158.682	1
51.8562	2
110.95	0
38.0815	1
15.0789	3
248.016	3
39.7185	1
30.4769	2
49.3696	2
172.574	2
131.018	2
186.052	1
32.1373	3
248.016	0
115.969	0
108.145	1
39.2488	3
71.5007	1
32.9266	2
46.4706	0
17.7866	3
50.4216	1
209.429	1
26.3517	3
30.7327	0
163.789	1
207.942	0
205.499	2
156.514	3
71.5007	3
109.839	0
25.1975	2
46.4706	0
216.506	2
97.1349	0
61.0949	3
168.229	1
239.831	3
127.426	2
32.0153	2
225.815	2
9.67902	1
62.5057	3
101.203	2
233.112	2
291.667	0
43.2504	3
118.105	2
51.8562	1
47.8636	1
191.456	2
96.7027	2
66.1539	2
142.953	3
142.562	3
61.0842	3
43.1386	0
92.8621	2
181.244	0
120.507	3
68.3285	2
111.685	0
8.95965	3
172.574	0
94.5374	3
32.1373	1
126.723	3
29.442	1
43.2504	1
223.879	2
128.993	0
51.8562	1
219.576	1
232.842	0
11.2947	1
148.38	0
26.633	2
34.0497	1
94.1546	0
107.479	1
60.3774	2
29.1564	0
49.201	1
29.442	2
32.1373	3
110.84	3
39.7185	0
88.6632	3
112.385	2
158.803	0
108.554	3
147.481	2
232.842	2
174.683	2
157.633	3
57.315	0
17.7866	0
127.922	0
119.21	0
129.807	3
70.9067	0
88.6632	2
56.9284	2
35.0518	0
71.0901	2
128.993	3
183.748	0
16.2381	0
209.429	3
177.694	0
107.479	1
73.4257	2
156.338	3
63.1674	2
96.7027	0
42.8879	2
36.4061	1
110.942	3
2.13833	2
92.8621	3
177.45	2
149.479	3
73.4257	1
28.6213	1
94.051	0
63.1674	0
119.997	2
152.34	2
32.1266	1
240.899	1
12.6708	1
152.236	3
32.0338	2
16.7066	0
67.4275	3
140.446	0
83.5845	1
71.4884	2
2.91362	2
60.3979	0
74.8349	3
161.046	3
286.707	0
108.309	0
160.305	1
92.1515	0
128.131	2
51.5246	1
148.38	2
22.4765	3
59.6218	0
119.004	3
122.089	3
200.714	0
41.3499	3
183.748	0
48.7505	1
77.8319	2
214.71	0
94.8043	2
129.038	3
56.4469	2
151.034	1
71.7633	2
86.3409	3
119.004	1
198.722	3
173.487	3
157.644	2
24.1478	3
28.2042	1
95.7324	3
31.7398	1
68.8335	1
20.0669	0
165.607	3
182.91	3
20.0997	1
67.4275	3
60.8709	1
236.837	3
262.957	0
39.7518	0
58.8514	1
248.967	1
20.0669	1
65.188	0
72.5599	0
263.506	0
140.446	2
188.989	3
68.0008	2
28.3813	0
165.258	1
251.164	3
241.52	2
79.774	1
61.2124	1
14.4825	0
149.479	3
96.1689	3
68.7469	0
169.495	0
40.6372	0
43.4251	3
23.41	2
151.776	1
59.3974	1
94.8043	3
61.358	3
83.5845	0
140.785	0
25.8415	0
76.0931	0
110.362	0
73.1586	0
225.214	0
186.061	2
79.774	1
48.7073	1
68.1859	3
14.4825	2
197.305	3
36.4207	0
85.0561	1
47.6884	2
136.686	3
68.8335	1
242.217	1
59.4396	3
298.113	2
60.263	1
61.2999	1
150.038	1
156.707	2
133.437	0
60.263	1
12.1312	0
76.0931	1
94.8043	1
69.1772	1
72.5599	3
167.868	0
185.63	0
119.044	3
251.164	3
110.362	1
132.377	1
37.2127	3
61.2124	0
71.5577	0
261.006	1
163.912	3
34.9664	0
146.03	0
146.03	0
34.0183	0
59.3974	0
79.0959	3
155.152	2
120.209	3
248.937	1
298.113	0
25.8415	3
112.784	3
124.538	0
99.5398	0
151.056	3
50.7005	0
66.5284	0
238.091	0
284.05	1
53.4608	3
29.4872	3
38.8639	0
83.7202	0
83.7202	1
120.113	1
113.312	0
126.208	0
247.81	3
114.745	2
169.763	0
88.8148	0
169.763	2
183.469	3
44.2918	2
133.437	1
129.34	1
150.038	0
78.6111	0
111.827	0
68.7469	3
95.3181	1
30.0002	2
43.4251	3
139.372	1
79.0959	0
48.3329	3
48.3329	0
120.209	0
225.305	3
137.605	0
94.793	3
26.4439	3
50.7827	0
84.265	3
167.827	2
35.4002	1
276.899	1
131.275	1
21.9347	2
217.896	3
200.844	3
245.812	1
81.5104	3
72.3978	1
131.649	2
245.812	0
30.8606	1
85.0561	0
79.8566	2
95.8607	1
34.0183	1
27.6544	3
274.26	0
172.663	1
18.5646	2
133.934	3
113.312	0
247.1	2
96.9082	2
110.803	3
45.4694	1
112.784	2
39.8665	0
144.074	2
96.5992	2
128.971	1
49.8206	0
3.1705	3
279.526	3
38.8639	0
209.252	1
139.241	0
120.113	2
137.605	3
222.381	3
88.2452	3
150.107	3
104	0
1.25817	0
53.197	2
198.655	0
60.2587	0
64.065	2
173.785	1
38.8639	2
182.781	2
120.113	2
30.7991	1
226.289	1
165.29	2
178.702	2
46.2157	3
89.5176	1
97.8257	3
238.976	0
30.8606	2
50.7827	2
93.7874	0
243.682	0
187.1	0
145.093	3
47.1728	3
73.628	2
21.9109	3
110.803	2
55.7462	0
15.6488	2
26.6892	1
129.821	0
27.048	0
15.5523	2
60.2587	3
38.8639	3
176.284	0
131.447	2
234.411	2
96.9082	2
137.569	3
102.077	1
78.5112	0
75.1718	2
33.4106	1
131.447	0
23.4859	0
171.1	0
187.1	3
186.852	2
22.4002	3
116.884	0
47.1728	1
97.8257	3
50.7827	2
153.632	3
82.4024	3
8.98753	1
26.3995	1
104	3
126.771	2
284.974	3
21.9347	1
25.5307	2
140.811	0
38.3703	3
38.3703	3
253.951	3
27.9398	0
261.061	0
142.479	0
59.2976	3
196.69	0
199.622	2
136.318	1
58.5872	0
176.284	1
256.44	0
27.3707	2
33.359	3
131.447	1
102.233	3
43.0385	0
223.471	0
116.884	1
2.74533	1
123.922	0
141.681	1
216.633	3
205.035	3
104	3
115.949	2
62.3513	3
173.785	3
201.745	1
94.1164	2
28.9004	0
182.781	2
135.937	1
111.922	2
38.3703	2
87.2127	1
154.706	2
135.475	0
157.763	1
135.065	2
102.799	1
80.0754	1
157.145	0
59.2976	3
102.546	2
59.3257	2
188.042	2
91.4416	1
206.881	3
119.625	1
18.7088	0
277.151	3
97.0861	2
33.359	3
126.771	1
34.8364	2
61.7149	2
24.7806	3
42.6201	3
27.3454	1
112.262	0
140.811	0
32.0964	3
26.0933	3
299.495	0
27.3707	3
151.912	3
114.862	3
123.922	2
84.2614	3
104.685	1
56.5554	2
48.5562	3
20.4115	0
108.057	0
27.6825	0
223.471	2
49.0813	2
200.97	3
115.949	3
59.2596	1
69.6635	0
234.411	1
158.086	1
138.91	2
115.949	2
68.4323	3
62.3513	1
214.85	2
135.937	2
138.91	3
71.3536	0
87.2127	2
241.056	3
199.443	1
260.654	1
87.2127	1
38.5749	1
129.396	1
99.1142	1
38.5749	3
92.0528	2
18.308	2
194.083	3
200.08	1
153.959	2
206.881	2
114.886	1
46.9338	1
66.5368	2
164.698	1
247.942	1
96.2557	3
119.408	2
49.8966	1
284.769	2
110.553	3
184.799	3
203.372	2
101.293	2
183.317	0
59.6851	0
101.293	3
79.1062	0
48.9512	2
64.885	0
211.767	0
79.1062	1
64.2246	2
189.907	1
159.813	1
104.244	1
72.9128	0
293.31	2
40.5042	3
100.316	2
184.183	3
88.4666	2
58.5872	3
26.0933	0
228.634	2
230.649	0
177.862	1
27.3707	3
274.651	2
56.9927	0
56.9927	1
122.549	1
96.8403	3
261.116	2
101.742	3
107.457	1
101.159	3
80.955	1
11.7301	2
119.33	2
125.962	0
180.768	3
104.685	3
119.566	2
34.8061	1
289.691	1
38.5749	2
43.9302	3
73.201	3
161.121	0
31.8983	2
197.232	2
82.4623	2
25.49	1
200.08	2
78.8095	1
110.553	1
127.53	3
48.566	1
101.293	3
40.3471	0
64.885	2
174.636	0
203.913	1
94.9322	2
48.9512	1
40.2761	2
176.571	0
84.5168	3
5.49726	1
81.7266	1
47.8977	1
219.048	3
81.1545	1
230.438	3
95.0553	3
239.459	2
174.275	2
72.7278	1
25.911	1
25.911	0
96.8403	2
180.95	1
41.8206	3
207.707	3
87.3954	1
139.622	2
42.052	2
38.7957	2
122.324	1
112.347	3
181.989	1
26.4128	0
104.685	2
18.2085	3
83.6694	1
155.987	3
19.7624	3
55.4695	3
27.9624	1
137.04	1
231.093	2
24.8454	3
198.625	2
228.437	1
130.35	3
178.739	0
169.477	0
146.039	2
198.625	2
36.4289	0
111.893	3
15.8249	0
102.163	1
265.232	2
46.0774	0
174.636	1
33.4271	0
288.073	3
40.3471	3
12.1906	2
185.079	3
90.4608	3
29.7518	1
125.268	3
25.8923	0
10.0908	2
125.465	0
71.9052	0
49.8966	0
288.654	0
155.703	2
20.4418	3
85.7188	1
151.541	2
88.4276	2
64.2246	1
244.33	2
141.573	1
88.4276	2
25.911	3
66.8314	2
207.058	2
101.805	3
213.209	2
4.68509	0
207.058	1
5.70792	2
138.927	2
112.347	1
285.089	2
221.546	3
202.136	3
215.394	2
178.809	3
27.9624	2
188.7	1
113.482	2
127.993	1
129.743	1
62.8739	0
155.987	3
135.079	3
188.7	1
3.49185	3
55.4695	1
258.379	1
185.872	1
169.477	2
22.72	2
227.887	0
110.962	2
178.234	3
91.909	1
79.6094	1
124.891	1
269.365	0
25.49	3
157.283	2
27.6159	3
80.4459	2
52.3305	2
226.333	1
107.875	2
28.6226	3
173.962	3
129.366	2
33.4271	3
161.997	2
209.941	1
190.725	0
47.4777	1
127.788	2
20.0965	1
282.81	3
151.45	0
201.299	3
88.5465	0
125.268	0
124.735	3
109.837	1
177.522	2
261.367	1
78.013	0
132.45	1
140.761	3
137.126	0
69.9219	3
142.249	1
281.247	3
16.609	2
227.258	1
154.782	2
80.1379	2
37.1888	1
115.333	0
60.2751	0
168.026	1
202.136	3
115.333	0
59.4898	2
55.0787	3
118.766	2
245.104	2
85.9479	1
118.766	3
85.6088	0
76.6003	1
23.6707	0
232.221	1
28.1001	2
97.3802	1
254.682	0
273.218	2
19.651	3
77.9937	0
150.302	1
44.2629	3
175.894	2
104.525	2
29.8403	2
175.066	3
141.051	0
107.875	1
104.525	1
110.962	1
29.8403	3
86.9414	1
92.2328	2
98.4591	1
269.457	0
197.312	0
269.457	3
18.2742	0
80.8912	2
189.041	0
49.6639	0
124.891	0
145.154	0
78.013	2
226.333	0
19.7385	0
71.9052	1
20.0153	2
40.1208	2
80.1379	3
37.1888	2
270.007	1
130.396	2
33.3255	1
137.081	0
245.104	0
66.8314	3
9.67967	2
69.9219	3
293.472	2
6.99023	3
138.927	1
205.196	1
102.704	2
114.002	1
91.0755	0
213.36	0
30.8607	1
270.909	3
150.762	1
243.118	0
113.482	2
40.2901	2
129.743	1
38.9135	2
38.9135	2
151.249	2
51.065	1
247.215	0
161.808	2
138.848	0
89.9398	0
200.867	0
155.595	2
169.986	1
89.8045	0
161.808	3
22.5785	0
200.867	2
56.7355	0
16.955	2
22.7862	1
169.986	3
180.009	1
131.713	3
48.7853	3
69.7963	0
22.7862	3
175.066	2
20.1025	2
92.4042	1
3.15902	3
20.1025	0
32.7776	0
77.2218	3
134.543	3
94.689	2
156.98	3
84.3149	1
149.169	1
34.658	0
168.522	1
49.6639	2
102.704	2
86.9732	1
277.925	2
253.158	1
277.654	2
28.653	0
236.902	3
99.4777	0
247.839	0
98.7765	0
155.539	1
287.877	1
31.3767	2
250.401	1
100.119	0
185.857	2
82.4733	2
155.595	1
175.878	0
140.348	2
108.749	3
85.6088	3
168.886	3
65.3684	0
89.8045	3
94.4253	0
203.226	1
28.7512	0
88.8515	1
134.464	1
131.645	1
118.545	0
87.5881	2
73.9073	0
33.3628	2
139.445	3
51.2457	3
84.3149	0
215.671	2
110.867	3
72.2464	0
73.9073	3
161.808	1
66.0307	3
124.645	2
20.3703	0
50.6423	2
137.674	0
195.606	1
140.902	1
19.2188	3
131.995	1
66.0307	2
151.454	1
163.041	0
50.6423	3
137.068	0
134.91	3
194.938	3
77.2749	0
94.689	2
104.398	0
77.2218	1
245.997	2
182.355	3
182.968	2
173.441	1
102.704	1
108.515	2
169.077	0
118.545	2
192.769	0
31.3767	3
99.4777	2
84.3467	3
45.7766	1
151.571	3
1.25853	2
88.5359	0
199.163	0
138.848	1
64.9131	2
261.668	1
16.2987	2
53.4659	1
22.4948	3
88.8515	2
232.324	0
51.2457	0
137.674	2
210.425	0
97.9363	0
127.277	1
56.6778	0
27.564	0
153.5	1
86.2873	1
169.077	1
214.541	3
200.868	0
92.4042	0
242.169	3
66.6801	2
34.658	0
79.185	0
265.526	3
65.7733	1
168.296	0
17.6796	0
93.1527	3
185.654	0
72.2464	1
257.803	1
15.2104	2
40.168	3
112.128	2
73.1832	3
23.2047	1
287.877	3
91.2372	1
26.1217	0
101.093	1
87.398	1
194.759	3
210.215	2
153.5	3
111.548	3
93.1527	3
139.699	3
201.305	1
144.584	2
64.3225	3
72.39	2
132.423	0
48.6306	3
92.307	0
16.6481	0
79.185	3
99.535	3
226.675	2
105.585	3
100.485	3
248.423	1
95.9099	3
17.6796	0
199.163	2
50.7244	1
27.564	1
63.4618	3
22.4948	1
56.4243	0
79.0073	3
143.911	0
6.21768	1
112.25	1
38.4054	3
99.535	3
90.7098	3
68.1067	0
77.3096	2
55.0702	2
28.3193	0
6.63001	3
192.605	3
24.5521	3
200.868	1
96.2116	1
12.9954	1
56.352	1
26.4878	0
148.187	2
123.88	1
73.1832	2
265.661	3
89.6968	0
220.966	3
136.096	0
88.5359	1
151.31	0
132.443	2
77.3096	0
101.093	2
31.2371	3
136.723	0
54.2891	0
168.053	0
77.1702	2
74.6382	0
40.2794	1
176.561	0
145.74	2
112.462	1
119.809	1
115.229	3
90.4733	1
140.773	0
35.5861	0
3.22998	0
55.0702	0
79.0073	1
77.1702	2
25.3561	3
143.441	2
19.6336	2
83.3893	3
108.684	0
148.247	3
155.206	0
71.9418	2
96.1912	3
64.856	0
5.71828	0
96.2116	2
97.729	0
73.7374	0
193.426	1
2.59983	2
126.635	0
30.1549	3
194.427	3
13.2286	2
45.2097	2
30.5692	0
137.078	3
219.939	1
181.802	1
77.3096	2
2.30503	2
167.108	1
26.6797	1
118.655	0
110.831	1
262.831	0
50.019	3
56.352	3
163.381	2
43.5629	0
39.4021	1
247.991	0
147.046	2
64.856	3
61.6945	2
291.603	0
219.73	2
122.213	0
119.025	1
71.3602	2
137.414	1
281.986	0
57.6554	3
121.097	3
36.9291	0
4.77296	0
238.417	3
77.1702	0
137.68	2
67.3861	1
40.6975	0
186.945	1
124.508	1
51.6054	3
30.5692	2
97.729	3
261.69	1
111.354	0
50.5736	0
40.2794	2
203.921	2
256.403	1
46.6908	1
129.754	0
125.884	1
109.792	2
26.4752	3
27.7651	2
130.486	3
225.879	0
17.967	0
157.439	2
215.917	3
25.3561	3
110.922	0
70.1105	3
39.6008	2
60.9864	2
71.3602	1
21.463	0
132.822	2
57.7429	1
148.932	1
12.6952	1
154.62	1
42.2089	0
20.3452	1
118.923	0
179.293	2
180.579	0
157.713	1
122.391	2
31.8313	2
92.5016	0
266.945	0
25.0082	1
167.108	2
27.7651	3
74.2525	1
262.831	1
16.0086	0
185.935	0
278.309	0
36.0126	2
69.3018	3
128.371	3
84.6554	2
229.323	0
215.917	1
48.4015	3
253.599	0
137.771	0
284.716	1
21.471	3
73.5059	0
109.34	0
122.213	2
25.2907	0
107.436	3
34.0925	0
86.8433	1
122.391	3
123.351	1
48.306	3
180.538	1
218.465	2
130.486	2
252.052	1
187.186	3
215.917	0
96.1547	3
124.796	1
230.297	3
201.035	1
39.6008	1
90.6643	1
36.0126	3
122.213	3
44.5455	0
110.922	0
97.3923	3
67.3861	1
97.6445	0
42.2089	0
60.8042	2
235.15	2
86.8433	1
221.57	0
154.62	2
180.538	2
17.2085	2
118.923	2
51.6054	3
139.292	2
13.9126	0
34.0925	0
49.3699	1
53.8884	1
116.598	2
69.5522	2
78.5729	3
10.2548	0
180.579	0
97.3923	2
266.155	2
219.067	1
61.9818	1
123.729	3
213.26	3
104.735	2
74.2525	0
216.632	3
77.9496	1
46.6057	0
9.86795	1
92.539	2
186.876	0
83.3964	2
99.0334	2
83.054	0
38.5264	3
145.501	2
127.277	3
128.371	1
104.742	0
103.432	2
154.62	3
84.3071	2
20.9977	0
69.1614	2
44.6409	3
166.725	1
164.757	3
244.283	3
275.929	1
101.583	0
261.408	3
152.623	3
183.022	0
97.7741	2
182.928	2
116.02	2
201.035	1
49.3699	3
193.717	2
119.791	1
287.818	3
262.972	2
116.598	2
96.6701	0
71.1687	1
194.516	2
9.80226	0
197.462	0
258.716	1
61.0449	0
118.171	1
86.9989	0
110.294	0
176.824	2
289.724	1
96.5746	2
104.735	3
70.8615	3
136.177	1
18.2106	1
168.023	1
189.288	3
170.946	0
182.928	2
81.7192	3
141.979	2
69.8457	2
10.9977	0
123.928	1
131.953	2
83.6145	3
28.5913	1
128.098	3
96.6701	0
139.928	1
201.035	0
38.2263	0
51.8571	2
2.93155	1
40.4537	1
183.022	2
232.118	3
70.8615	0
87.8399	3
218.505	0
97.3923	1
178.929	0
57.9407	3
16.247	0
80.6756	2
122.603	3
27.0217	1
114.056	0
106.777	1
136.177	1
112.691	0
299.07	3
74.7123	1
1.14959	3
78.6498	3
145.501	2
194.182	0
99.6279	2
13.8693	3
101.169	3
78.8987	3
176.824	3
38.2736	1
94.3895	2
44.6409	3
110.598	1
40.0661	0
46.2438	0
51.8571	3
138.259	0
30.5211	2
22.5168	0
87.5077	0
28.2309	1
114.056	2
265.674	1
97.4055	2
128.727	0
69.8457	3
178.929	3
22.3564	1
36.2893	1
51.3847	0
117.222	1
231.393	1
84.0329	2
196.59	2
191.02	0
108.824	1
77.9496	0
224.88	0
106.777	1
119.712	1
44.1587	0
55.0532	2
30.1029	3
255.829	3
83.054	1
30.5211	3
60.1496	1
70.8615	3
149.877	1
146.846	1
168.023	3
28.2309	1
101.852	0
96.9919	0
96.5746	2
80.6756	1
233.866	3
6.44385	0
127.368	1
83.7465	0
105.742	1
80.4101	3
19.2104	0
182.928	3
261.109	2
253.676	2
95.6111	3
93.8997	3
87.5077	2
40.9782	3
104.006	0
119.791	0
128.396	2
22.3564	0
112.566	0
96.2309	2
135.488	1
12.1102	3
144.705	3
140.608	3
202.216	2
96.9919	3
258.716	3
93.1592	2
30.1029	2
188.037	1
54.7635	0
61.9227	3
72.876	2
55.3627	3
70.8615	1
39.3248	3
95.0251	3
17.094	0
193.199	3
105.32	3
104.761	2
108.824	3
22.6831	1
10.1765	1
133.343	1
240.572	0
288.849	1
114.066	0
190.42	2
41.3635	2
132.641	2
78.9847	0
18.2863	3
181.695	1
138.675	0
19.2104	3
201.563	3
3.05564	0
140.608	1
149.877	3
133.569	3
265.191	2
119.392	0
72.7391	3
82.094	3
209.525	2
29.3436	2
93.1592	2
257.666	0
146.749	1
102.143	1
177.489	1
211.199	1
242.933	0
77.5133	1
94.3895	3
127.368	2
277.958	3
274.171	2
199.535	1
118.527	2
13.7982	2
60.9515	3
121.971	0
34.9464	2
55.4624	2
151.096	1
238.152	0
132.641	0
38.2678	0
126.236	2
83.0633	2
179.994	1
77.8225	0
170.822	2
112.329	0
50.4804	3
188.304	2
190.184	2
156.872	2
29.2668	3
146.846	0
292.642	2
14.39	3
72.876	0
132.149	3
55.4624	3
134.331	3
233.866	0
92.1881	3
231.393	1
22.6831	2
32.0778	2
80.9752	3
117.16	1
83.4362	2
83.2815	1
50.4804	1
82.2324	1
171.504	2
46.2662	3
243.27	0
59.1664	3
128.396	2
43.0389	0
72.7391	1
112.566	1
112.329	0
53.5861	1
154.135	3
112.533	2
138.857	0
31.2109	1
156.649	0
123.135	0
177.489	2
37.4177	1
134.331	3
71.0416	2
39.3248	2
105.32	2
275.772	3
83.7465	3
60.8271	0
47.5395	3
272.232	1
132.641	3
65.4546	1
134.142	2
248.22	1
118.735	1
70.1526	1
192.512	1
99.8296	3
257.971	2
236.899	1
47.0872	1
146.992	0
16.9444	0
81.4297	1
90.4327	2
77.7899	3
185.224	0
29.1373	0
93.6488	2
47.7588	1
126.037	1
50.1085	1
86.6447	3
34.9464	1
105.32	1
104.761	1
53.1203	2
133.549	2
142.594	1
109.492	2
115.178	2
83.0633	0
127.212	0
112.428	2
132.287	3
122.398	3
271.836	3
69.599	3
56.0372	2
31.7997	2
69.2819	1
226.111	2
10.8752	2
70.6521	1
138.756	3
161.939	1
188.519	2
32.8474	0
262.978	2
47.7588	1
14.2835	1
221.227	1
252.93	2
101.391	0
141.392	0
208.044	3
86.6447	3
226.18	2
82.2324	0
53.1203	1
47.5395	3
8.22632	2
140.327	3
81.7858	0
70.6545	1
112.428	0
132.638	1
297.705	2
47.7931	0
157.936	0
112.257	3
88.4291	0
207.491	1
227.689	0
5.88758	3
119.984	2
37.3474	1
48.9636	2
214.466	1
30.5332	1
121.452	1
73.7971	0
180.615	0
111.646	2
109.492	3
92.1881	3
120.98	1
128.993	2
21.7515	3
73.6454	1
83.2815	1
135.227	3
69.599	0
56.0372	2
167.791	1
168.869	1
22.1417	3
103.393	0
63.3958	1
224.002	3
156.649	1
38.2014	0
299.212	1
101.391	2
69.4912	2
180.755	3
78.5977	0
49.2547	3
120.893	2
66.6338	2
83.1008	2
39.1739	1
44.4089	0
152.449	2
140.131	0
94.5137	3
51.7028	3
59.1797	1
169.031	1
90.45	3
121.312	1
122.398	1
272.232	2
25.7205	3
44.5317	1
40.6308	1
137.984	1
179.377	0
135.223	2
16.8527	2
78.5076	3
156.931	2
61.3301	3
14.4281	0
99.8296	1
9.80162	0
47.0872	3
121.494	2
36.8131	0
76.7957	2
269.78	0
206.776	0
85.1244	2
138.756	1
136.613	2
223.473	0
72.0911	0
13.5114	1
177.731	3
116.911	1
82.4629	2
93.6488	3
125.368	0
78.5977	0
66.1835	3
39.4466	0
203.068	3
86.6447	0
180.755	1
140.131	2
244.085	1
7.63699	1
47.7931	0
157.936	1
204.568	3
25.3798	3
172.396	3
222.192	0
181.612	1
213.25	3
104.862	2
69.2819	3
156.931	2
25.763	2
137.984	3
70.6521	0
291.064	2
110.172	1
78.5076	3
128.993	3
85.1244	3
213.856	1
20.0499	0
136.613	0
30.9434	1
50.157	1
104.108	0
82.216	3
256.347	2
63.3958	0
148.311	1
271.225	1
203.068	2
38.2014	2
29.8666	0
36.8492	0
35.796	0
84.8378	1
70.6545	2
14.0517	1
108.023	0
30.675	2
162.714	3
76.9267	3
20.4923	3
69.1689	0
68.645	2
117.9	3
181.612	0
66.4512	3
137.984	2
269.308	3
268.005	3
252.796	2
78.5076	0
121.345	2
121.494	3
233.173	1
204.515	0
136.898	0
99.5592	1
191.777	3
36.8131	3
134.777	2
38.6638	0
144.141	3
52.0185	1
90.2997	3
74.4405	2
99.9457	1
174.395	1
253.479	1
11.271	1
122.399	2
48.3424	1
219.541	3
13.7562	1
109.037	1
51.4503	2
47.5714	1
293.38	1
145.781	1
204.568	3
25.3798	1
31.0901	1
31.9105	0
222.192	0
120.192	3
113.466	2
100.936	3
116.474	1
103.75	0
135.072	2
181.996	0
96.1442	1
93.5291	3
96.9034	2
106.702	3
52.5452	0
46.0958	1
76.2973	3
54.7531	3
24.1656	3
142.699	3
82.216	0
164.297	0
198.581	2
182.756	2
110.676	1
186.605	0
80.6951	2
38.4872	0
165.541	2
39.8205	2
80.1444	1
124.653	2
99.9457	2
87.415	1
33.4004	3
99.8903	1
13.7562	0
31.0901	2
30.675	1
29.8267	0
73.2984	3
77.7885	3
109.037	2
91.0198	2
42.0212	1
96.1442	3
117.9	0
113.466	1
66.4512	3
98.4296	1
255.842	2
156.614	0
104.149	2
178.263	1
135.072	2
71.6435	3
69.6608	1
194.334	3
6.28595	0
114.226	2
82.216	0
106.702	2
138.866	1
90.8618	1
147.25	0
87.4416	2
99.5592	0
96.9335	1
206.097	1
111.258	3
253.479	2
188.747	1
99.8903	1
110.676	2
25.0334	2
119.602	3
74.4405	1
130.067	3
134.357	2
51.113	2
82.9959	2
277.386	2
104.081	3
169.083	0
145.509	3
160.721	3
60.2466	0
69.6926	1
120.192	1
100.936	0
69.0386	2
103.75	2
146.61	3
24.9151	3
68.1286	2
12.8066	3
83.4225	2
104.372	1
39.6443	0
114.621	0
19.1392	2
229.706	1
87.4416	3
115.824	1
90.8618	1
135.072	3
194.334	1
58.9678	2
119.961	1
159.918	2
44.5744	3
76.2973	2
74.4405	1
111.258	1
80.0326	2
82.4817	2
188.747	2
43.2884	2
131	1
21.1593	0
106.998	3
129.381	1
110.676	3
107.755	0
75.3354	1
117.794	3
142.002	3
57.8756	3
96.9924	1
44.2879	3
95.1411	3
49.0804	1
7.98872	3
113.446	0
96.3686	0
66.1903	0
49.9856	0
205.027	0
77.9504	2
255.842	1
184.241	0
54.4652	0
212.626	1
77.7885	1
93.5291	2
265.605	1
85.9271	1
1.79881	3
229.706	1
188.304	2
65.6716	2
114.776	1
69.3333	2
69.0762	2
43.9985	1
62.2973	1
96.2517	3
14.9909	0
111.741	2
38.8676	2
104.755	0
31.6456	0
82.4817	0
60.9489	0
164.607	3
96.9335	0
129.381	3
77.9504	3
91.2966	0
131.968	0
111.258	0
211.808	0
29.8267	1
73.2984	1
137.327	3
39.6582	3
4.56806	0
8.97203	2
107.755	3
48.5314	3
90.3991	2
294.84	0
60.3203	0
98.9687	3
95.1411	3
45.8093	1
69.0386	1
132.295	2
96.2517	3
86.5227	0
39.6443	3
17.6884	3
38.8676	1
13.946	3
246.361	2
111.741	1
265.605	2
106.818	0
65.0861	2
51.0879	3
141.283	3
92.9732	3
182.197	0
24.3768	1
188.747	2
195.914	3
110.033	0
25.5319	0
62.2973	2
156.684	2
115.055	0
43.2884	1
19.8918	3
46.2836	1
33.6367	3
133.948	1
228.462	1
119.129	0
117.402	3
298.09	1
148.248	2
100.096	2
240.019	0
247.46	3
24.954	1
81.1223	1
1.65825	3
162.774	2
40.0155	3
188.074	1
99.6169	1
81.1036	3
109.13	2
114.621	2
27.5461	0
33.0937	2
249.99	2
125.327	2
32.6472	3
133.448	2
121.501	2
133.948	3
89.3789	2
121.082	0
16.9235	0
101.3	1
67.664	3
230.967	3
92.6408	2
26.3473	1
115.055	0
194.946	0
48.5314	1
60.3411	3
22.8492	0
247.948	0
99.6169	0
114.937	3
52.0362	1
17.6884	3
65.8255	3
109.986	0
112.228	0
117.47	0
110.033	2
23.669	3
169.059	2
90.3991	3
93.6486	3
241.145	0
74.2594	1
53.3767	2
263.231	1
81.1036	3
135.626	3
27.5461	2
143.349	2
45.8151	2
89.3789	1
294.96	2
37.6557	3
67.1648	2
261.395	3
71.1413	2
69.4254	0
256.529	3
16.9235	3
116.364	0
45.7026	0
117.755	1
28.0785	2
80.2514	2
3.59272	2
11.6778	0
121.082	1
124.253	2
70.8727	2
182.197	3
58.5473	0
76.1284	3
120.479	1
216.265	2
153.968	3
93.6486	0
26.0249	3
40.0155	2
185.823	0
115.055	3
203.383	3
116.639	2
261.929	0
109.13	2
110.29	3
252.481	1
244.276	2
104.097	3
26.2866	0
133.448	1
140.62	2
97.5485	3
97.3074	3
73.8786	3
36.8401	2
196.036	2
27.2025	3
2.73894	1
70.9886	3
193.452	2
71.9359	2
127.017	3
45.8151	1
227.635	1
184.802	0
271.616	1
228.343	1
65.9119	3
201.722	2
59.4699	3
120.041	2
140.327	1
24.7993	1
186.969	3
84.3529	3
44.8506	1
60.6686	3
249.974	2
110.325	3
145.045	3
28.7728	0
185.823	1
177.132	2
69.4252	3
40.0155	1
66.3176	0
184.224	3
36.8401	1
99.6169	0
165.696	2
72.1461	1
169.059	0
67.7571	1
17.2688	1
116.696	2
247.538	3
120.025	2
17.2669	1
95.5001	1
58.5473	1
120.479	2
248.922	1
114.937	2
133.05	1
102.882	1
13.1129	3
63.3565	3
247.658	1
59.4699	1
217.913	2
36.0821	2
110.29	3
38.2167	3
116.364	1
157.179	1
130.405	2
122.546	1
47.312	1
254.789	0
43.0883	0
283.631	2
142.361	0
111.443	2
6.46848	3
194.758	1
66.3176	1
1.64119	2
85.4274	1
182.922	3
61.9546	1
105.878	1
48.6066	2
246.697	2
163.538	3
62.8194	2
63.1762	1
145.394	2
128.301	1
133.05	1
65.5355	1
94.2643	1
221.083	0
28.2735	0
127.017	0
217.772	2
28.5458	0
103.783	0
30.9486	0
47.312	2
140.62	1
48.4798	0
43.0883	1
28.6576	1
107.234	2
178.489	2
177.132	3
66.3176	1
45.1097	1
37.0491	2
279.338	0
165.696	1
42.715	3
9.12388	3
97.8945	3
34.8341	1
95.307	1
100.464	2
67.9134	3
15.0611	3
133.001	1
229.072	2
17.7547	1
165.784	3
231.376	0
48.6538	3
201.722	2
76.7417	1
115.007	0
38.0754	0
97.5927	1
239.336	3
30.9486	1
133.274	1
145.045	2
48.5994	2
10.7172	2
123.731	1
200.068	1
85.4274	3
178.106	3
165.784	0
34.8341	0
235.518	0
188.339	2
55.7717	0
86.1908	0
207.372	2
57.8894	1
267.445	0
176.134	1
21.5866	0
149.006	1
44.2499	1
76.7417	3
67.7571	0
28.2735	3
10.2699	1
255.426	1
116.408	2
61.3209	1
18.4984	3
103.783	3
267.358	3
57.2595	3
91.3268	1
47.0842	1
110.336	2
196.534	3
255.156	1
192.132	3
29.4716	1
80.9799	0
62.8194	1
11.2597	3
279.338	1
196.702	0
299.773	0
197.56	2
23.5987	0
108.315	0
283.48	0
177.451	1
107.378	1
26.9874	2
100.198	3
177.962	0
28.4444	0
187.115	2
122.965	1
153.59	3
218.665	0
124.193	1
28.6576	0
79.4396	2
21.2224	2
24.4231	2
81.1756	2
244.086	2
159.836	1
176.491	0
42.5427	3
45.2645	1
140.937	1
85.2807	1
42.715	2
197.56	1
151.037	0
80.395	3
50.7599	3
88.775	2
135.837	1
94.489	1
98.8389	0
28.4444	2
221.983	3
64.7327	0
234.091	2
24.4231	2
26.9041	1
3.55861	1
163.869	0
66.1256	2
123.731	3
118.483	0
44.9441	1
75.889	0
202.003	0
65.875	1
64.8745	1
48.5443	0
262.25	2
231.376	0
55.7717	0
62.9562	1
107.378	1
35.3827	1
168.527	3
149.406	2
116.408	1
157.616	1
44.6554	3
41.2272	2
259.525	0
290.377	3
141.493	1
162.894	3
65.0757	1
52.8783	2
31.1318	3
37.6784	0
85.2807	0
147.038	1
24.9226	0
114.373	1
76.7742	0
116.729	3
107.378	1
51.3031	2
77.251	3
42.0134	1
209.133	3
124.119	2
141.012	0
60.4742	2
67.6713	1
125.169	1
48.5628	2
90.0905	3
78.2192	2
180.402	2
59.7458	2
99.1061	1
221.371	2
230.975	3
67.5503	2
223.966	1
16.8654	1
64.4655	1
93.7055	1
163.869	2
17.8242	0
235.588	3
148.953	2
153.226	2
124.119	0
24.9226	3
86.3347	1
135.837	2
45.2645	0
155.522	2
179.722	1
162.512	3
46.0082	0
99.3719	0
205.539	3
198.893	2
64.7327	0
10.2791	2
2.04303	3
16.8654	2
292.91	3
56.0798	2
194.697	2
80.395	1
67.4319	1
128.951	2
49.7344	0
97.9365	2
64.4655	3
286.543	3
143.34	2
28.6441	0
212.069	0
103.577	3
34.3697	0
45.0483	3
33.1586	3
103.194	1
45.0223	1
118.762	2
157.001	0
99.6998	0
275.854	1
270.68	1
92.7224	0
76.7742	1
69.3033	2
102.782	3
161.636	2
110.414	3
161.344	3
103.577	1
43.1058	2
45.0483	1
111.765	3
180.402	3
234.091	0
179.705	2
97.9365	3
45.1221	0
181.808	2
24.8339	1
41.3773	3
97.3815	2
228.162	2
16.1701	2
155.243	3
157.616	2
103.194	3
18.1643	2
184.358	2
90.0504	3
235.134	2
197.559	1
65.9479	2
51.8132	3
66.1867	3
270.877	1
226.023	3
145.113	1
259.397	2
33.1088	0
79.1178	1
69.4888	0
35.1758	0
135.973	3
18.039	2
66.1867	1
67.6713	2
79.1178	1
74.0434	0
206.076	1
149.19	0
55.1501	3
100.455	3
221.371	3
91.3915	2
86.2782	0
136.669	0
169.514	2
133.578	3
210.226	1
99.1061	1
129.947	1
157.791	2
128.464	3
69.4888	3
156.806	1
54.022	1
19.8861	2
298.753	1
162.512	3
77.2676	1
156.298	1
52.4962	3
267.539	1
15.0177	1
161.636	3
63.864	3
111.765	2
149.644	2
0.420274	3
109.748	3
79.8653	0
147.384	1
89.3512	0
253.881	3
69.0191	1
34.3697	3
199.758	0
176.416	3
42.2566	3
29.4609	2
34.3697	3
92.7224	3
103.194	0
53.3155	2
96.2386	0
73.5214	2
94.1925	3
257.656	2
2.09141	2
171	0
120.129	1
92.7224	0
77.3021	1
69.0191	0
25.7402	0
138.548	0
130.221	1
173.442	2
160.807	0
72.4413	0
166.704	3
39.3002	0
97.7522	0
208.046	3
101.056	3
163.303	1
148.633	3
149.799	1
41.0911	2
156.806	3
86.2782	0
186.45	1
45.4231	2
72.204	2
160.807	1
136.199	1
64.8928	1
227.717	2
241.21	2
144.69	1
37.5701	0
104.542	3
205.193	0
56.9789	0
55.1501	0
292.985	2
35.1981	0
282.577	0
63.864	1
163.994	0
109.748	1
249.101	1
157.791	2
213.787	0
84.5643	3
105.737	0
79.6008	1
156.298	3
144.69	2
157.142	1
46.6708	0
89.3512	0
92.5881	2
59.5795	3
37.2303	0
77.2676	2
97.1011	2
144.852	0
197.804	3
121.977	0
157.142	2
120.044	2
64.6426	0
73.6697	3
91.0566	1
89.0462	3
70.2668	3
89.3446	3
141.312	3
133.389	0
181.468	1
151.56	1
134.715	2
13.4786	0
27.575	0
137.442	0
120.662	2
96.2936	3
294.547	0
82.9908	0
289.207	1
59.486	2
146.116	3
175.041	2
137.282	2
135.848	1
76.3169	2
10.3066	3
237.144	0
76.3169	3
8.64509	0
135.345	0
27.575	1
130.221	2
37.5701	2
166.704	1
75.177	2
57.6668	2
299.563	3
134.158	0
37.2313	0
134.158	0
230.489	3
93.5948	3
265.294	1
101.056	2
262.717	2
82.5575	3
230.489	2
165.118	2
45.5863	1
92.6236	1
15.4387	1
284.276	0
23.6687	3
119.091	2
37.4469	2
166.979	2
29.8365	3
53.3451	0
164.641	1
50.5245	1
283.07	3
170.434	3
162.5	1
197.804	3
171.649	1
183.006	1
37.7148	1
88.0766	1
215.836	2
257.216	3
154.932	3
164.199	1
165.281	3
29.1489	1
242.711	3
211.489	2
111.522	2
89.8048	2
26.1277	0
81.8919	3
15.1112	1
113.505	2
189.309	1
144.852	0
113.505	0
63.1598	2
112.744	3
186.315	2
204.902	2
19.7213	1
147.489	1
78.2157	0
79.3097	0
54.0611	2
141.312	2
130.771	2
170.865	0
28.5555	3
78.0615	3
66.2088	1
54.5282	3
54.5282	0
72.8033	3
27.575	0
120.222	0
21.4124	2
96.2936	0
107.184	1
57.6668	3
155.85	2
155.91	2
60.4323	3
2.58304	0
150.822	1
38.1182	2
186.849	1
98.8331	0
115.799	1
78.7658	3
44.1698	1
243.399	0
262.717	0
180.804	1
169.786	3
124.516	1
186.315	3
51.9401	1
92.6236	2
296.193	0
23.3064	2
253.467	1
26.0633	1
204.916	2
28.5555	0
165.118	0
165.281	2
94.5373	2
29.1489	1
148.202	0
231.957	1
107.184	3
37.4469	0
166.979	1
139.994	2
106.008	2
112.744	3
189.576	3
30.4271	1
110.395	1
44.7454	2
140.723	2
173.037	1
19.9553	0
84.7287	2
65.8061	3
170.262	2
45.5229	1
170.262	3
77.43	0
173.335	1
130.771	0
112.598	2
50.1103	3
80.4502	2
197.601	3
72.8228	1
203.649	1
228.882	2
52.2048	0
146.898	0
228.882	1
122.851	3
133.738	3
77.9304	2
44.3373	0
82.9984	0
165.634	0
167.926	2
54.4435	3
125.955	0
121.01	0
9.70775	0
92.1402	2
62.2236	1
189.309	1
189.576	0
68.3771	3
43.145	2
78.2157	0
77.2171	3
158.807	1
130.995	1
44.8142	2
183.846	3
28.5555	0
94.5373	3
50.1412	0
72.8033	2
146.898	0
72.8033	1
198.567	3
107.184	1
117.903	2
25.0587	0
155.85	1
117.541	1
49.9427	3
166.212	3
7.47184	2
98.8331	3
49.2521	2
41.7177	0
274.08	2
196.554	2
88.1339	0
102.264	3
68.3771	3
51.0617	0
61.7459	3
36.7267	0
204.916	1
113.245	0
133.196	2
51.0617	2
23.3064	0
87.2858	3
149.812	3
37.9457	0
8.04043	0
48.1189	3
55.6016	3
211.806	2
261.941	2
121.01	0
192.806	0
255.47	1
62.2236	1
174.351	3
75.0853	3
156.501	0
61.7459	3
192.806	3
42.0703	3
41.8318	0
165.991	3
174.351	1
247.349	3
135.287	3
36.0436	1
34.7432	2
174.83	3
84.7287	2
122.364	3
178.372	2
135.287	2
77.5791	1
261.941	2
122.851	2
146.898	0
77.9304	3
20.296	3
115.974	0
166.66	1
232.562	2
36.0436	0
106.198	0
88.1076	1
148.539	2
117.944	0
82.3942	3
276.823	2
9.7007	1
43.145	2
216.998	3
36.0464	3
52.4462	2
64.4464	1
103.341	1
107.108	0
117.903	1
109.299	0
201.242	0
175.976	1
117.903	2
170.212	0
77.806	2
117.9	3
127.317	3
85.1686	0
16.4232	3
67.4873	1
295.845	2
14.9141	0
61.7459	2
47.7226	3
88.1339	0
147.309	2
190.166	1
34.3006	1
113.416	1
30.5195	2
200.191	3
199.44	1
165.87	2
35.8938	3
19.2974	2
125.53	2
113.245	2
65.9478	0
184.935	2
36.9901	2
85.1686	1
111.266	3
168.088	3
199.575	3
49.9208	2
222.789	2
73.1784	3
247.493	2
29.4946	1
80.1009	2
73.1784	1
43.5198	0
89.3854	3
194.467	3
216.838	1
178.622	0
33.6242	1
82.7314	1
12.0659	3
85.8326	3
161.181	0
34.0257	3
63.2157	2
35.462	1
194.051	1
46.0843	2
36.9901	2
121.624	1
35.462	2
149.218	2
199.945	2
218.554	1
139.109	0
78.0348	0
150.013	3
125.73	1
104.643	0
52.4462	2
222.378	0
30.6667	3
45.9718	3
110.665	0
149.689	0
47.3457	2
170.212	1
123.717	0
185.77	0
117.271	2
223.505	0
242.098	3
150.013	3
122.976	2
264.901	3
30.6667	3
113.156	0
54.4865	3
51.7028	0
203.24	0
90.6227	1
147.526	3
100.135	3
85.1686	0
7.44821	2
45.8831	1
89.9603	0
294.406	1
174.364	0
176.789	0
12.6061	3
41.6292	3
163.097	1
97.8758	0
77.8437	0
97.8758	1
125.325	0
6.97893	2
158.83	2
113.618	1
36.9901	3
90.855	2
209.681	1
30.569	0
49.9208	3
65.5295	2
14.8237	2
49.9208	3
104.643	2
77.1638	2
29.4946	2
19.7149	1
297.162	2
82.4648	2
246.587	2
54.2247	1
145.479	3
225.406	1
47.3457	1
93.0996	1
47.3457	1
43.3642	3
216.838	1
95.3994	3
150.398	3
48.4597	1
49.7235	1
62.4612	3
34.5304	2
73.9895	1
88.4759	2
68.6889	0
88.9732	1
161.714	0
192.416	2
81.319	2
222.378	1
54.3159	1
108.657	3
37.7333	1
35.0963	2
69.851	0
105.115	1
172.195	2
269.259	2
145.479	2
48.0467	3
100.684	1
26.0709	3
6.47861	0
48.0467	1
115.465	0
92.405	2
62.4612	2
117.271	3
154.714	1
28.9793	2
106.221	2
134.168	3
57.2182	2
4.78888	2
44.4289	1
290.786	3
44.4289	2
81.319	1
24.8587	2
15.5984	2
138.157	3
142.826	2
137.553	2
31.8354	0
54.6988	0
92.7814	3
50.2976	3
77.0522	3
64.2398	2
35.0963	0
203.24	2
187.711	1
87.2816	3
152.664	0
61.1223	2
17.443	2
46.0111	0
89.9603	0
251.346	0
89.9603	2
92.405	3
79.963	1
202.744	2
134.168	2
83.1201	0
24.8587	1
220.596	1
41.6292	0
261.734	1
47.8911	3
146.153	2
112.239	0
199.028	3
19.7149	3
137.553	2
154.796	2
272.237	3
82.0644	2
7.25654	1
21.0514	1
163.685	0
109.937	3
64.2398	2
95.3994	1
108.158	0
231.822	0
160.212	2
32.4043	0
37.0461	0
87.0899	1
21.0514	0
191.704	3
26.2449	1
51.3736	2
95.3994	1
32.4043	3
119.595	0
156.135	1
155.291	0
40.4785	0
35.9096	2
169.881	2
66.0912	0
26.2449	0
121.252	1
62.4612	1
87.2707	1
40.7675	2
90.855	0
254.12	2
63.762	0
145.371	2
87.068	1
7.2675	0
65.961	1
98.7911	3
57.2182	2
125.845	0
218.287	3
91.1404	1
57.3765	2
113.853	0
112.174	3
98.9904	0
108.158	3
162.342	0
19.4401	3
71.2855	1
150.398	0
77.0522	2
20.2464	0
236.058	2
207.596	3
140.135	1
41.6958	1
113.708	0
65.961	0
200.878	2
154.714	0
23.1335	1
134.168	2
85.7464	3
24.8587	3
40.0919	0
236.058	0
0.721729	1
61.1223	0
88.7955	3
160.196	0
70.2825	1
91.1404	1
120.933	3
37.0461	3
55.0901	0
0.663249	0
28.5789	0
34.7623	3
45.0751	2
40.4785	0
34.5674	2
202.744	3
206.876	3
24.8587	3
164.227	2
57.3246	0
56.6979	0
136.409	2
22.2345	1
94.3308	3
29.2139	0
127.323	3
149.812	1
13.07	3
51.3736	2
99.2374	0
110.032	0
160.212	3
20.8492	2
52.5942	1
84.678	1
55.0901	3
249.549	3
189.658	1
61.5219	0
36.5117	0
186.653	2
157.095	1
238.692	3
206.876	2
39.4811	1
169.881	1
187.682	2
253.224	2
29.0647	3
184.903	0
145.371	1
94.3308	3
96.7541	0
63.762	3
25.788	3
191.472	2
125.92	2
160.196	3
73.1736	0
148.967	1
117.32	1
54.4817	1
135.869	1
246.105	1
98.9452	0
69.0403	1
98.9904	0
87.0318	1
21.992	0
51.2855	2
21.7615	3
164.227	0
56.0182	3
82.232	3
34.3888	0
177.071	1
255.125	2
81.4964	3
156.961	0
51.3736	1
28.738	3
112.382	0
148.634	1
44.2048	1
38.337	1
70.2825	1
202.062	1
92.5707	3
16.8666	1
131.018	2
226.922	0
85.3916	1
28.5789	0
101.592	3
98.497	2
281.67	1
63.762	1
182.124	1
250.936	2
160.196	0
16.3756	2
30.4369	0
71.4589	3
94.3308	3
96.7541	3
161.815	0
179.58	2
111.068	2
159.516	0
63.9851	0
75.2146	1
140.754	0
168.357	1
59.0109	2
50.6193	2
125.579	2
98.0213	3
89.3425	0
72.4652	2
133.886	0
42.3524	1
241.996	2
21.7275	0
28.738	2
206.389	1
81.0074	1
100.537	3
102.474	0
38.337	1
147.589	0
91.2454	0
81.8871	1
0.66987	2
148.634	1
70.2825	0
29.0647	0
74.862	0
8.27629	0
24.0793	2
121.427	0
205.34	2
95.2591	2
125.471	3
50.862	1
176.222	3
73.1736	3
135.832	3
64.1847	3
45.0751	3
32.4455	0
42.3524	1
28.9035	0
82.232	1
188.245	1
92.1213	3
140.754	0
256.365	3
21.3527	3
48.4189	1
162.602	1
143.92	3
103.03	0
222.06	3
56.0182	1
200.075	3
164.868	2
100.817	1
74.862	2
28.738	0
202.609	1
149.415	2
17.4874	3
268.406	3
82.4342	1
81.8871	1
17.1667	0
95.2591	3
99.7515	3
73.1736	0
92.1213	1
12.8233	2
16.3756	1
141.589	0
42.1899	2
69.3338	3
103.03	2
135.377	2
35.9836	2
172.484	2
110.514	2
216.586	2
20.5833	1
34.9874	1
44.9604	2
181.408	0
160.922	2
178.796	3
61.2024	0
72.4652	3
136.27	0
293.897	3
42.3524	1
222.06	0
206.076	3
58.0244	3
109.519	3
81.0074	2
100.817	2
152.509	3
108.509	3
207.686	3
28.738	2
199.639	1
117.165	3
17.4874	0
143.92	2
17.2552	2
172.484	1
103.502	0
17.1667	0
178.796	1
221.267	3
120.65	2
29.1183	2
159.072	3
16.3861	2
38.2756	2
50.4206	1
197.178	0
206.076	2
90.2586	1
167.326	2
192.464	2
23.8168	0
25.0049	0
37.3049	1
161.814	1
116.777	1
109.95	1
89.491	3
32.6806	2
169.019	1
141.882	2
96.6089	2
143.478	3
77.5102	3
150.24	1
204.372	3
63.7205	3
35.9836	3
96.4149	3
89.1039	2
106.639	1
238.905	3
46.4106	2
259.794	2
207.686	1
11.2685	0
86.0887	1
140.777	1
271.23	0
149.537	2
50.4206	3
137.13	3
82.4342	3
159.298	2
146.8	0
9.04837	1
164.868	3
74.862	0
42.4091	0
180.863	1
135.279	2
23.5397	3
210.422	2
96.6089	0
95.5105	1
146.019	3
133.473	3
238.688	2
86.0887	0
95.3533	3
202.401	3
13.6274	3
31.883	0
77.8889	3
123.563	0
7.41942	1
198.771	1
20.5833	1
161.814	3
50.3308	1
185.883	3
67.4606	1
149.537	3
103.502	3
53.0545	3
96.4149	3
134.938	2
28.5216	3
183.895	1
109.787	2
157.619	3
140.777	2
216.543	1
212	2
91.3091	3
62.3666	2
21.7579	0
36.2733	3
89.6198	1
70.5946	1
113.029	2
159.072	2
25.0049	0
270.62	1
113.928	3
98.1317	2
137.216	3
89.8119	0
32.6806	0
146.98	1
1.77289	2
28.0578	3
170.5	1
68.4812	1
79.4432	2
223.952	0
67.3533	2
298.43	3
50.5915	2
101.691	3
33.3769	3
4.45086	1
25.4139	3
96.1798	1
188.929	1
96.4149	0
35.6398	0
22.8157	3
196.138	3
159.298	3
52.0939	1
65.0711	1
150.659	0
54.893	1
125.139	1
62.3666	2
124.298	1
69.4171	3
21.9552	0
140.32	0
192.464	1
100.965	1
148.451	3
65.7811	2
98.1317	2
39.5382	2
25.0049	1
79.2506	3
148.731	1
169.953	0
42.2968	1
155.982	0
255.129	2
84.3738	2
41.3867	3
28.0578	1
68.6103	3
133.482	3
35.6746	0
46.4106	0
37.6316	2
26.2406	2
42.4726	0
96.1798	0
30.631	2
22.8157	0
24.3941	0
51.325	1
198.771	1
21.0954	1
112.308	3
8.77847	0
202.198	2
167.725	3
82.2711	0
151.552	3
54.893	1
114.936	0
58.8421	0
5.26869	3
166.214	1
113.165	0
105.975	2
280.983	2
153.502	2
25.5612	3
107.237	1
99.451	3
154.442	3
129.715	0
62.3666	2
25.4172	3
174.216	0
21.7579	0
190.043	2
116.988	2
19.6533	1
61.2969	2
233.176	0
29.0226	1
123.563	1
119.409	3
71.423	2
137.216	3
79.1723	2
74.5791	1
88.3307	1
136.291	3
166.82	2
42.4726	0
26.2406	1
161.592	1
133.482	2
232.293	2
83.9572	1
48.057	2
93.7167	2
25.953	2
151.021	1
183.895	2
58.0413	3
140.32	0
40.8732	0
27.3073	3
93.14	1
13.6168	3
11.0003	3
80.85	2
117.419	2
113.165	3
179.553	0
151.109	2
116.393	2
99.6069	0
13.6114	1
123.853	1
2.97456	1
29.0226	2
299.893	1
74.5791	2
84.3738	2
60.6409	3
191.093	0
160.251	2
134.364	0
85.4723	3
189.895	3
21.0954	1
16.246	1
50.5915	1
57.1401	0
25.4172	3
183.869	3
16.2696	2
167.725	3
111.235	0
44.8494	0
187.537	2
90.3167	1
149.526	2
119.409	1
58.8421	1
98.7699	0
23.0394	2
130.888	0
93.4591	1
107.804	1
136.291	2
51.9897	0
42.9877	2
153.502	0
172.576	0
161.592	2
22.8854	1
133.482	2
81.452	1
99.451	1
42.2601	3
73.4456	3
250.191	2
55.782	2
79.6773	0
177.243	0
25.4172	0
160.251	0
70.5553	2
244.287	0
77.8595	2
43.5217	3
63.3324	3
131.023	3
202.03	1
99.0075	0
140.354	0
58.0413	2
89.0324	1
152.753	2
36.9486	0
53.2113	0
28.0481	0
30.6716	0
167.725	0
23.8692	1
98.3894	1
178.242	3
252.485	2
97.9544	0
42.9877	3
129.983	2
116.152	0
98.6653	3
59.3664	1
58.2038	1
110.678	1
74.49	1
196.731	1
107.237	3
115.99	2
114.599	0
70.5553	0
258.272	3
129.715	1
167.592	1
31.179	2
173.181	2
265.299	0
93.4591	0
202.03	3
266.399	0
81.1164	1
45.3453	3
51.6545	1
174.283	2
83.0474	0
107.909	2
147.388	3
31.3387	0
66.147	0
239.051	2
57.3338	0
88.0508	2
133.403	0
131.135	1
119.887	1
153.582	2
150.622	2
79.1723	3
196.909	0
178.261	2
152.084	2
191.093	0
51.9663	3
149.822	2
118.339	3
91.6448	2
147.874	2
27.2227	3
42.9877	1
181.799	3
261.683	2
98.7858	2
149.125	3
81.452	3
98.4871	3
106.163	0
146.372	2
52.9462	1
214.516	0
149.526	1
213.37	0
184.144	1
152.753	2
60	2
81.7263	1
130.888	1
270.491	0
46.4191	1
276.995	1
163.974	0
117.809	0
93.4591	1
284.773	0
252.485	3
122.059	3
5.92244	1
120.177	0
17.2731	0
147.388	2
83.2247	0
78.1502	3
197.476	3
125.138	3
232.357	3
153.582	2
207.919	0
134.171	0
61.9195	2
27.2227	1
39.2004	2
226.518	3
98.7858	2
63.3324	0
270.838	2
272.727	1
183.869	1
149.926	1
7.15769	1
299.148	1
214.516	1
280.438	0
238.596	1
152.753	1
231.841	0
22.6308	3
81.7263	1
53.6365	0
68.8895	3
19.9088	1
46.3522	0
142.717	1
224.486	1
51.9663	2
156.167	1
259.977	0
139.54	0
139.229	2
95.3463	0
133.403	2
56.2736	3
243.785	3
213.451	3
103.566	2
146.372	1
73.4456	1
115.99	1
213.699	3
114.599	1
190.067	2
134.69	0
119.543	1
61.9195	0
181.722	1
107.798	0
47.2025	3
38.0139	0
186.496	0
296.237	3
109.607	0
79.4892	0
122.059	1
88.0508	3
57.8669	1
227.265	0
158.417	2
103.214	1
28.0153	1
258.874	2
139.229	0
197.772	0
145.516	3
13.2853	3
128.074	0
126.943	1
64.4551	2
52.0163	0
25.9638	0
42.365	2
51.0104	2
151.995	0
59.0586	3
127.061	3
168.532	3
189.052	3
29.4468	1
58.2038	2
43.9616	2
141.776	3
175.702	0
75.9567	2
157.514	1
101.892	1
60	3
105.392	1
46.4191	1
127.943	3
237.003	0
120.58	3
180.034	2
23.5934	0
94.0045	2
81.4749	0
194.771	1
113.682	2
62.0935	3
207.918	1
83.0474	2
43.1437	1
187.984	2
163.096	3
68.4547	1
197.772	3
96.465	3
216.831	3
129.848	1
34.4119	1
273.624	3
196.921	1
133.108	3
127.061	0
174.558	2
114.656	3
189.251	0
146.433	0
51.0104	3
46.4191	3
38.9649	3
40.8911	0
187.984	0
43.9616	3
245.175	1
110.179	0
10.3358	1
238.305	2
170.451	1
239.175	1
103.622	1
113.31	2
48.4208	0
54.4137	0
107.798	0
38.0139	3
87.6995	0
49.2949	1
44.5442	3
58.1844	0
137.175	3
63.5153	3
29.0142	3
119.221	1
143.04	3
128.074	2
232.357	0
64.0135	3
48.9252	0
154.838	2
138.233	3
115.175	0
59.0586	2
67.948	3
118.919	1
109.083	0
55.7683	0
29.4468	1
30.3831	2
132.175	0
61.3326	2
141.776	2
91.1446	3
22.0507	0
53.4338	3
168.537	3
145.157	1
110.179	1
131.732	3
211.693	2
76.5049	2
207.845	1
85.0086	1
242.343	2
231.841	3
105.197	2
105.392	1
59.2344	0
109.607	1
92.7752	2
141.683	0
35.8457	1
38.0693	3
46.4627	1
152.254	2
193.011	1
51.4908	3
272.118	1
213.419	2
180.592	0
64.4551	2
132.175	2
59.1533	1
14.9616	3
42.2636	0
157.258	3
103.566	1
163.096	3
118.362	2
177.599	3
97.9787	1
59.0586	2
269.618	3
25.425	3
226.613	3
246.813	0
10.1816	2
204.191	0
38.5332	1
75.9567	1
90.8957	3
22.0507	2
60.139	0
46.779	3
275.522	3
211.693	3
251.102	2
17.4823	1
36.8101	3
63.5062	1
88.6246	3
63.5153	1
146.433	1
66.202	0
139.837	2
26.5657	3
114.234	2
98.7242	1
130.714	0
192.722	2
233.548	0
96.0589	0
120.58	0
106.851	2
94.0045	3
50.7677	2
122.849	3
124.402	1
59.1467	2
126.963	2
207.918	2
226.613	1
182.182	1
55.7683	1
0.531356	0
117.984	0
32.6511	1
170.451	0
164.097	0
61.5264	2
2.91536	1
88.7376	1
30.5286	2
254.42	3
18.7254	0
109.587	3
88.6246	2
48.5534	2
244.845	0
194.081	3
132.488	2
141.913	1
37.2261	1
93.6073	1
105.142	3
123.934	3
210.11	2
149.911	2
101.428	1
53.9319	3
94.0045	1
179.255	2
124.855	1
131.88	0
105.341	3
118.919	0
13.4176	0
35.123	2
269.985	1
206.476	2
121.421	3
174.895	3
96.465	0
176.25	2
52.1727	2
106.262	1
250.256	3
263.445	1
136.709	3
56.0062	0
28.8581	2
84.7739	3
174.558	3
245.727	1
159.703	1
22.4328	2
83.7906	1
114.656	3
153.578	2
49.2949	2
192.722	0
189.89	2
52.1727	1
105.714	1
61.5264	0
127.169	3
295.03	0
142.048	1
36.262	0
23.6942	1
63.5062	1
79.4233	1
132.488	3
53.0104	1
189.89	3
66.202	1
48.2489	2
114.234	2
43.5452	1
130.714	2
167.921	0
214.401	3
123.934	0
175.139	0
127.169	3
50.7677	1
67.6637	1
257.952	3
65.705	0
18.667	3
132.834	2
12.3133	3
81.2281	1
32.0604	1
223.529	3
183.312	3
76.5917	1
209.498	1
120.255	1
118.919	2
27.4252	0
26.8563	2
115.328	2
107.512	2
171.591	3
59.5936	0
141.876	2
82.7363	2
48.1013	2
68.9686	0
145.157	0
53.4079	0
214.962	2
15.7025	0
24.7557	2
49.6945	1
114.234	3
213.085	0
127.981	0
91.6332	1
155.252	1
96.0589	2
106.851	1
67.6637	0
183.918	0
40.9724	3
41.327	2
146.374	1
111.454	0
3.91047	0
63.6285	0
239.291	1
30.5286	1
5.12238	3
17.9653	0
133.71	1
48.5534	2
187.138	2
58.6064	1
115.328	2
262.328	2
90.3866	2
142.598	1
65.2811	1
57.4661	3
76.301	3
180.664	1
115.172	2
81.6587	1
124.153	2
169.845	2
256.49	3
108.005	2
153.578	1
116.949	3
77.1944	3
96.4879	1
120.703	1
66.4615	2
228.093	3
271.953	2
125.895	0
41.2535	1
131.558	3
129.129	3
42.2636	2
89.2144	1
11.9991	2
25.1022	0
141.23	1
111.454	2
90.9619	2
208.12	2
269.985	3
69.0387	0
39.5286	1
264.252	1
193.545	0
32.0604	1
242.916	3
92.8271	2
94.7952	2
97.0315	2
30.7007	2
26.4538	1
84.9608	3
198.624	2
90.8021	1
180.829	3
58.9522	1
275.848	3
45.3191	0
77.9086	1
40.9062	2
125.271	2
23.5625	0
106.184	0
291.802	2
231.714	2
32.5388	1
96.4879	2
114.234	3
26.3994	0
227.887	2
96.0589	0
106.851	1
139.82	1
40.2446	2
89.2144	2
40.7645	0
15.4923	1
251.427	0
158.634	3
70.3863	1
65.705	2
114.449	2
18.5221	3
123.086	1
88.2798	3
30.5286	1
132.902	3
172.429	3
291.369	0
91.2136	3
92.9466	0
48.5534	1
97.3009	3
244.845	1
209.508	2
144.908	1
4.11356	2
40.5636	1
282.688	0
9.14196	1
16.5217	3
141.876	0
132.896	1
48.1013	2
124.63	0
189.856	3
126.775	1
93.0617	0
26.8375	3
93.1692	3
105.219	0
165.815	1
213.777	0
94.831	0
135.122	3
93.8597	2
166.36	3
20.6235	2
20.2464	1
203.496	2
128.629	0
53.0501	1
137.816	1
111.454	3
171.082	3
57.3125	3
60.7288	1
217.957	1
86.6678	1
75.9596	3
11.9478	2
152.797	1
32.5388	3
213.602	0
219.042	1
50.9248	3
89.8038	2
50.2454	1
67.222	1
54.2791	0
79.5275	3
120.703	2
65.521	0
121.373	2
91.2136	2
77.5973	2
64.9392	0
94.7952	1
208.673	2
129.092	2
16.4425	2
256.805	0
88.8419	1
268.092	2
138.356	0
102.029	1
20.6235	3
46.5147	2
229.04	1
239.071	3
104.38	2
58.5359	1
264.751	0
171.082	3
153.804	1
114.235	1
108.823	3
73.1702	2
144.367	2
115.172	2
97.0315	1
214.401	0
105.552	1
114.973	3
74.8974	1
99.8593	0
65.521	1
191.61	2
153.626	0
28.7767	1
120.659	0
64.9392	0
56.1197	0
98.4179	0
139.608	2
98.5482	0
84.9608	3
90.8021	0
141.23	0
22.5961	2
40.2776	1
61.3055	2
10.6009	3
26.8563	0
51.2545	1
91.3499	3
60.5591	1
67.4151	0
123.086	0
45.3191	1
171.492	1
119.485	1
102.614	2
108.224	3
16.4937	0
92.1027	0
105.552	2
82.51	3
68.6072	2
24.7557	0
206.264	0
43.7088	2
28.7767	0
164.952	1
93.0617	3
115.04	2
49.6945	1
4.03687	2
50.9248	3
162.917	1
295.629	3
139.82	2
166.36	1
22.5961	2
40.9724	0
54.9995	2
35.0094	2
56.2589	3
51.9909	0
23.7179	2
142.453	1
31.5355	2
67.0789	1
68.7313	0
48.9896	3
88.2798	3
93.7562	1
208.43	3
154.283	0
236.952	2
100.275	3
97.3009	2
91.8307	1
169.353	1
34.4343	2
209.508	0
132.915	2
87.399	1
195.708	1
80.515	0
208.673	3
85.562	0
107.057	2
143.091	3
96.2242	2
104.961	1
84.6672	2
128.171	0
221.552	2
143.749	2
265.245	3
174.695	3
124.63	1
102.736	1
58.1034	1
110.753	1
46.5147	2
169.976	2
106.319	0
67.0611	1
99.6281	2
146.005	3
130.29	3
262.328	1
166.36	2
126.11	3
53.393	2
203.496	0
171.082	1
86.9695	0
63.8481	3
250.406	0
262.491	0
75.9596	0
96.5086	2
28.2373	3
181.26	1
98.7416	3
84.6812	2
114.973	3
31.1183	1
120.703	0
121.762	0
132.231	0
26.7507	2
63.7574	3
73.1702	1
1.28713	2
18.2014	2
53.0542	0
186.507	0
139.183	2
209.205	0
87.9737	2
85.562	0
144.05	0
94.4871	2
143.091	1
167.999	0
282.527	2
18.0045	3
63.9698	0
60.5591	3
86.1997	2
230.482	2
58.1034	2
135.888	3
133.545	2
125.247	2
50.1876	1
62.8743	0
154.871	3
125.173	3
271.204	2
282.676	3
48.0654	3
284.647	3
58.083	2
28.6681	2
12.5528	3
179.598	1
167.768	2
44.6286	2
54.9995	1
235.087	0
158.634	2
120.781	3
103.383	3
276.4	3
123.086	3
88.2798	0
132.902	2
88.0307	2
18.057	2
119.485	1
156.361	0
159.956	0
85.5331	2
45.6096	1
193.9	0
46.1157	0
31.1183	2
158.86	2
292.997	1
18.2014	3
31.5355	2
139.183	2
108.291	1
121.257	0
93.0617	0
17.2134	3
93.1692	3
9.69946	1
53.7031	0
60.9133	1
195.161	3
63.3362	2
135.122	1
5.4161	1
282.14	1
179.314	0
11.4957	1
83.8728	3
150.383	1
151.527	3
262.491	1
171.064	1
40.2776	2
26.3716	1
32.2995	2
127.105	3
11.1754	1
53.7837	3
91.3499	1
152.797	0
13.749	1
168.117	1
8.62997	1
29.714	3
278.214	1
244.567	0
54.2791	1
40.4218	1
143.091	1
68.6072	3
177.011	0
282.527	1
202.087	3
26.7507	0
139.47	0
135.888	2
231.937	1
115.927	2
186.633	0
63.5627	0
144.016	0
17.6873	2
114.321	1
90.0623	3
299.827	2
63.8481	2
46.3238	3
212.317	3
158.86	1
113.446	2
27.1194	1
5.43217	2
116.012	0
103.383	3
132.614	2
2.51591	1
166.691	1
180.16	1
286.181	2
163.241	2
58.0299	2
104.38	2
169.081	1
127.475	3
160.009	3
103.979	2
202.757	0
85.5469	1
94.0929	0
16.4662	1
87.399	3
64.1594	3
208.63	1
139.183	3
83.8728	0
67.7731	1
28.8882	0
153.528	2
45.1803	2
81.7213	3
299.555	2
167.999	1
93.3757	0
128.171	1
112.142	0
46.2814	1
23.9874	3
25.4243	1
20.6743	0
127.105	2
203.916	0
148.55	0
15.1487	2
122.129	2
140.877	2
201.864	0
15.1984	0
20.7764	1
102.736	1
125.173	2
23.1958	0
109.163	2
100.331	2
120.781	2
1.16542	3
134.232	2
68.6072	2
33.1215	2
36.2143	2
9.28312	0
87.3817	1
14.707	0
44.1008	3
120.383	1
70.1513	2
115.927	2
295.373	0
186.633	0
45.6096	0
103.946	3
17.0196	0
258.326	1
185.667	2
64.668	1
61.4058	2
241.37	2
21.6648	3
5.391	2
62.55	1
262.896	0
63.5627	1
68.4137	3
32.5895	1
60.8232	0
86.3972	2
64.0308	2
116.249	1
171.064	0
185.924	3
67.024	3
32.2995	2
73.7393	0
59.0609	0
71.7889	3
123.592	3
95.8179	1
55.533	0
193.208	2
49.1715	0
27.3507	2
65.3248	3
87.399	1
10.1198	2
198.948	3
128.171	0
217.606	3
102.736	1
256.182	1
297.821	1
55.6576	0
27.7809	1
76.9435	0
121.515	2
47.8167	2
27.9528	2
36.3907	3
90.0576	1
166.251	3
168.117	2
16.4662	3
165.184	3
66.4489	1
125.247	3
180.208	0
105.656	1
153.663	1
132.231	1
48.0334	3
25.3795	3
81.7213	3
143.639	2
27.5317	3
6.79053	0
26.7393	2
88.6584	0
134.148	1
63.5627	0
176.718	2
148.88	0
155.302	1
44.1008	0
93.3757	3
132.779	2
214.296	3
144.05	2
276.453	2
151.428	3
181.639	3
44.323	0
76.9435	1
83.1112	1
138.947	0
36.3907	2
69.6784	2
192.516	3
277.881	1
72.6729	1
55.4683	1
23.016	0
104.233	2
287.732	1
95.3954	1
81.7182	3
88.6584	1
65.6042	2
128.88	2
176.593	3
241.267	0
271.204	2
73.7393	3
71.7889	3
136.027	2
95.4364	2
110.346	0
219.811	1
70.1513	2
46.2814	1
166.036	1
96.0495	2
56.5738	2
179.598	0
40.9098	2
171.806	2
16.2691	1
85.2045	0
67.3767	3
73.1915	0
91.0309	3
28.7072	2
21.198	1
23.1958	1
108.388	1
121.515	3
46.2289	3
143.074	0
42.8194	3
191.338	0
85.5107	0
223.69	1
125.061	2
55.3144	1
106.117	0
35.3036	3
224.164	2
25.5848	2
45.9186	2
102.196	2
165.184	2
53.1067	0
240.518	1
65.3248	2
53.3903	3
33.9218	0
116.012	2
21.1814	0
111.065	1
203.419	3
61.4058	2
105.485	3
143.639	3
96.0495	3
35.9494	0
16.3744	3
14.3536	2
109.831	0
128.836	1
66.8511	3
35.7242	0
35.751	1
91.0309	2
91.6254	0
41.2413	2
178.117	3
44.6535	3
30.3209	2
64.0308	0
116.249	3
166.193	0
82.8812	2
48.7093	3
69.4641	0
34.8081	1
51.749	1
116.685	3
163.721	0
113.972	3
82.448	0
216.683	3
183.282	3
81.0836	2
37.937	0
236.413	3
55.4683	2
15.3586	2
62.1534	2
88.5332	0
127.475	3
35.9494	2
143.765	1
257.948	2
78.2945	0
87.9889	0
2.68449	2
79.1435	2
203.001	2
74.6386	1
46.5043	2
150.433	2
109.627	0
258.326	3
83.1112	2
74.2369	2
178.846	3
211.212	0
122.521	3
104.233	0
66.9328	0
216.147	1
52.384	2
51.2442	3
81.7182	3
40.9098	2
18.2914	1
142.744	3
33.6315	1
124.097	1
5.25584	0
176.593	2
67.3767	3
44.3228	0
132.779	1
110.346	2
162.782	1
70.6492	1
109.627	3
143.074	0
78.6159	0
68.4137	1
74.2369	3
84.357	1
49.9269	0
181.996	2
188.993	2
100.507	2
105.485	0
92.2547	2
28.7072	2
229.642	1
95.0327	2
33.3706	3
166.579	3
233.59	2
10.5777	3
40.6424	2
161.277	2
128.947	1
28.0475	0
93.3432	1
265.229	0
198.948	3
149.117	2
55.6576	0
121.515	0
163.721	2
66.7748	1
28.7072	0
33.5585	2
31.2205	0
41.2995	3
127.515	0
31.2205	1
202.82	0
290.284	1
180.208	2
90.0576	1
118.145	2
55.5491	3
199.927	2
63.5868	0
79.4757	1
46.9749	0
131.195	2
128.703	1
186.895	1
54.9884	2
143.639	2
157.495	2
79.9957	2
167.359	2
43.2777	1
183.208	3
164.349	2
58.5343	1
151.822	0
236.431	2
28.8355	3
30.5026	1
91.1759	0
35.6305	0
98.2015	2
255.737	2
6.26004	0
215.369	3
23.0961	0
150.433	1
32.7445	3
47.244	1
87.0348	3
84.1506	0
35.6305	3
126.591	1
96.4749	3
126.096	3
78.2945	3
69.4641	2
178.127	0
140.165	2
155.457	3
161.477	3
37.3608	3
38.9801	0
79.4481	2
39.1293	0
187.269	3
86.692	3
110.152	1
208.712	0
186.808	2
55.4683	1
287.732	0
124.764	0
207.478	0
218.621	3
186.327	0
79.1435	0
78.2202	0
177.686	3
261.531	2
85.9207	2
84.4712	2
92.0743	2
247.541	0
42.4909	3
124.097	3
208.528	2
47.054	0
137.615	2
85.9207	1
80.6048	0
85.2045	3
67.3767	0
123.658	3
222.493	0
112.119	2
199.025	1
28.0472	3
85.5925	2
121.299	3
33.9218	2
84.357	0
6.7814	0
125.061	0
160.049	1
36.1697	0
63.1255	2
128.635	3
75.7304	1
65.0372	1
68.257	2
85.5925	3
92.5864	3
84.9367	3
152.807	1
81.2914	0
40.6424	2
33.3706	1
27.7536	0
30.3209	1
103.585	3
75.7304	1
44.4146	3
42.639	3
226.11	0
73.7579	0
109.831	3
133.851	2
28.0346	2
33.2292	0
66.8511	0
150.434	0
182.519	1
233.59	3
93.3432	3
48.1662	0
19.8284	3
156.022	1
90.9732	3
173.047	0
131.25	0
73.3407	1
122.096	3
31.8865	3
48.7093	1
67.012	2
67.8492	2
40.9082	0
150.829	3
82.448	3
152.405	2
123.699	2
181.07	3
38.1029	1
73.6708	1
106.993	3
251.888	3
79.9957	3
79.4757	0
250.112	2
76.7871	2
203.183	1
182.346	0
66.0554	3
91.219	2
145.949	3
152.162	1
96.4749	0
81.9113	1
65.7324	3
30.5254	0
117.344	0
79.1312	1
62.0453	0
91.1759	2
282.847	1
86.692	1
118.032	1
142.441	2
126.591	1
57.9649	2
13.4418	1
82.2118	2
54.5404	0
21.3933	2
3.87342	0
116.505	3
120.864	2
161.32	2
86.4937	1
89.0724	2
110.609	1
176.254	3
208.712	3
45.3879	0
68.6884	2
27.9841	2
199.706	3
211.202	3
114.801	0
253.299	3
21.7973	3
112.119	0
155.925	2
61.2253	3
160.502	0
220.884	0
163.18	3
176.07	2
226.11	2
111.266	2
27.4365	3
77.8999	3
137.359	3
175.009	1
79.0537	2
32.0307	1
80.6314	3
90.9732	2
33.3434	1
73.3407	1
31.8865	3
199.423	2
9.47938	2
291.166	2
83.164	3
133.598	0
28.0346	1
103.91	0
170.109	3
255.848	0
182.519	2
118.145	3
94.9338	0
19.1619	2
42.2841	0
257.414	1
38.1029	0
90.9732	3
29.951	3
31.8865	1
64.7571	2
47.0007	1
38.3758	1
133.617	0
129.124	3
11.007	2
218.109	0
17.0392	1
33.2292	3
54.9587	0
41.1767	1
27.3525	0
39.5747	0
100.341	3
62.6514	2
50.2625	0
108.378	2
63.9051	1
167.908	3
197.71	3
235.571	0
147.418	3
79.4481	2
84.8995	1
27.085	3
63.4567	0
211.202	3
43.6129	1
152.405	1
16.5027	1
165.843	0
53.7724	0
38.2022	2
222.177	2
137.423	2
51.1459	3
79.9957	2
259.26	2
93.1555	1
78.543	1
216.283	3
145.882	2
121.178	0
106.319	0
79.3732	2
227.048	1
290.885	0
62.0453	1
76.9691	1
91.1759	1
93.0437	0
143.373	3
150.829	0
69.8221	0
201.838	0
80.6048	0
118.032	3
65.7324	3
124.949	0
29.1604	0
67.3826	2
199.025	2
178.127	3
166.547	2
264.699	2
7.54092	0
21.1666	1
187.269	3
134.038	3
86.4937	0
157.363	1
71.7534	3
163.02	1
207.591	3
68.6884	0
54.2526	2
141.692	1
144.745	0
84.9367	2
19.6638	0
67.2592	2
124.764	3
78.0567	0
191.581	1
61.2253	2
253.364	1
211.158	3
18.0074	3
44.4146	3
64.0821	3
49.4893	3
33.2292	0
45.96	1
31.8453	1
155.925	0
188.421	0
61.0241	1
163.18	2
71.106	3
23.4029	1
245.893	3
97.7296	3
32.0307	1
113.968	1
38.7008	0
222.542	1
26.0286	1
64.4308	1
260.692	0
80.6048	0
199.423	1
54.4126	2
30.8023	2
192.788	3
107.325	2
166.598	2
188.809	3
6.86815	3
140.896	3
83.0036	3
157.032	1
199.025	2
83.6893	0
143.227	1
158.997	0
94.9338	1
50.2579	1
42.2841	0
172.707	0
92.7295	0
63.4567	1
35.2477	1
153.816	3
170.641	0
84.5431	1
213.26	1
18.5355	1
84.9367	2
62.2242	2
77.914	2
81.2914	0
94.4463	0
118.969	3
186.223	2
180.856	1
157.036	0
56.4964	2
145.949	2
71.4549	0
1.19902	2
65.7324	2
255.825	2
200.9	1
63.8329	3
264.802	2
216.383	3
81.4233	1
52.6222	2
67.3127	3
50.2625	1
57.5621	3
100.174	3
142.498	2
174.307	1
116.374	1
63.8737	1
122.61	2
163.622	3
63.8132	2
136.114	1
63.4567	2
36.0629	3
109.424	2
71.106	2
215.324	2
150.829	1
121.178	1
245.893	2
167.805	3
142.507	2
295.102	3
77.8999	0
175.009	1
190.739	2
47.8969	2
43.0995	0
157.812	3
272.529	1
232.725	3
61.0254	1
131.83	1
176.936	2
169.009	0
57.9974	0
199.423	0
31.5174	2
219.754	1
53.0114	1
82.2118	3
194.001	0
184.292	2
38.5925	2
78.0567	0
20.8916	2
103.91	0
128.784	1
130.152	3
153.428	2
127.806	1
234.791	2
144.291	1
155.066	3
181.515	3
71.3228	1
18.0074	1
9.72841	2
275.862	2
44.2011	2
155.471	2
137.021	1
220.375	0
117.085	2
109.424	0
121.678	2
26.6409	1
208.093	2
133.637	2
149.624	0
175.009	0
123.526	0
136.999	0
89.3832	3
65.9586	0
27.6412	2
39.3362	0
180.883	3
109.108	0
128.607	2
59.3891	0
94.4463	2
21.8017	3
38.4945	1
218.109	1
69.0535	1
143.227	1
108.08	0
58.8477	1
232.96	3
196.773	1
27.3525	2
207.412	2
33.3535	0
62.6514	1
22.2278	0
51.6461	0
282.473	1
57.5621	3
172.707	0
65.9586	3
143.688	1
133.106	1
229.621	3
53.9104	3
84.5431	2
70.9924	3
1.59044	0
100.973	2
84.8995	3
196.419	2
30.0139	0
26.573	3
62.2242	2
83.8406	3
94.4463	0
294.57	3
81.3063	1
249.803	0
53.7724	0
66.9801	1
70.5135	3
184.108	1
255.825	0
264.802	0
126.567	3
53.955	1
160.13	0
270.713	0
28.2778	0
151.322	3
111.137	2
217.966	1
110.295	0
132.628	3
110.408	1
115.527	3
170.072	0
122.61	1
102.76	1
174.561	0
171.202	2
50.7705	3
133.877	2
240.027	0
92.8354	1
165.843	2
245.568	0
129.069	3
236.397	1
124.071	2
16.8848	1
143.483	3
142.507	2
38.9592	1
65.5986	1
47.8969	2
267.517	1
41.7551	2
103.108	3
79.6515	0
36.7702	1
198.094	0
151.322	2
153.642	0
131.83	1
80.3716	1
156.147	3
220.268	2
68.177	1
173.21	1
118.135	2
44.3789	0
15.2213	0
197.359	3
93.0849	2
52.9095	0
185.718	3
117.085	0
153.214	0
45.6417	0
206.897	1
67.5059	3
133.637	2
201.068	1
123.526	0
71.3228	1
97.1439	0
169.211	3
45.8809	1
26.0286	1
130.07	1
142.526	0
177.997	3
23.4513	0
123.665	3
121.678	0
185.231	0
81.2593	2
10.6504	2
58.6427	2
147.399	1
107.598	3
136.999	3
206.217	0
81.5343	1
99.2042	0
141.049	0
163.994	2
50.2579	0
91.0701	1
26.0286	1
109.108	3
31.9171	1
23.9489	2
177.997	2
154.077	0
219.659	1
59.37	3
85.8236	1
84.5431	2
54.4126	1
268.38	1
69.0535	3
28.4489	1
294.274	3
20.0377	2
115.325	2
138.965	1
187.291	1
58.8477	2
225.383	3
207.412	0
156.804	2
69.1068	3
20.2856	0
35.8854	3
114.164	1
196.773	1
31.2242	3
23.9489	3
22.2278	0
84.5431	2
2.2913	0
29.3899	1
66.9801	2
98.358	3
73.7061	0
185.385	2
161.564	1
160.659	0
42.692	0
136.114	1
161.038	0
70.8061	1
115.527	1
61.1641	0
192.642	0
74.1008	0
216.526	0
97.3407	0
126.567	2
102.76	0
253.465	1
171.202	2
63.8737	1
23.1493	0
131.83	3
27.2074	2
53.9064	3
25.3349	3
50.153	0
133.99	1
39.8308	2
75.6825	1
15.6642	1
133.266	0
154.139	1
51.1755	0
32.7337	2
161.425	3
53.0114	0
214.038	1
80.3861	2
257.051	3
74.1008	0
59.3464	1
154.276	1
142.507	2
140.905	3
91.4075	1
47.8969	2
185.718	1
103.108	3
87.2709	1
81.5988	3
106.632	3
133.99	3
242.811	2
86.2966	3
111.79	1
11.6825	1
75.6825	3
113.618	3
153.35	0
106.317	2
142.526	1
71.1343	3
64.0843	0
31.5174	3
110.223	0
53.0114	3
70.0234	0
21.0461	1
184.292	3
104.408	0
115.809	2
174.024	1
64.7426	1
109.108	2
103.504	1
191	0
142.318	0
144.824	1
24.4295	2
226.758	2
88.2663	3
18.6846	3
52.1928	2
142.526	2
133.711	0
163.994	1
89.9476	1
59.8341	0
26.929	2
31.9171	1
56.2885	1
87.8249	1
141.726	2
85.8236	0
30.759	1
24.0231	0
156.804	3
138.965	2
264.976	1
81.5343	1
42.8405	1
84.1926	1
158.145	3
159.344	1
114.164	2
147.114	0
292.475	0
83.8406	3
154.077	1
30.2256	1
59.8341	1
27.692	1
254.291	0
155.954	0
98.358	3
156.942	1
249.215	3
32.9012	3
127.756	0
53.955	3
82.545	0
106.105	0
158.145	2
267.613	2
209.142	1
22.2278	2
4.12163	0
83.8406	2
43.8238	2
108.801	2
184.108	3
195.099	2
175.473	1
53.5538	2
164.2	2
225.153	0
180.224	0
50.7705	1
252.115	1
81.0563	0
69.7107	2
72.6668	0
249.065	0
98.358	3
60.7134	2
37.0294	3
185.171	0
53.955	3
41.0848	1
155.064	0
105.811	2
43.6371	1
175.473	0
193.942	0
53.5538	0
115.422	2
80.1986	2
50.7705	1
174.975	0
192.586	2
71.1343	0
89.6659	3
51.1755	1
164.53	1
203.042	2
217.964	3
185.324	0
35.5836	1
64.7426	1
88.1563	1
140.905	1
75.5835	2
153.642	0
126.803	3
62.3578	0
198.323	1
43.3738	2
177.108	2
201.157	0
109.01	0
258.979	1
37.2916	0
117.228	2
91.7926	0
77.3234	1
39.8977	1
52.2712	3
186.2	1
77.4007	0
141.485	0
170.635	3
136.732	1
297.616	0
162.055	1
132.221	0
79.9042	2
249.12	1
37.4375	1
39.4537	3
32.3928	2
257.661	0
85.8236	3
62.9769	3
50.0137	1
28.4489	1
158.879	1
41.4607	3
272.268	1
103.404	0
156.942	1
32.9565	3
232.335	3
58.2274	1
85.8236	1
221.629	3
140.399	2
115.325	1
56.0332	1
6.19105	3
146.89	3
248.211	0
97.6082	1
248.727	3
106.654	2
124.291	2
283.823	0
143.123	0
242.531	0
223.871	2
20.505	1
48.5392	1
108.801	2
199.1	0
126.56	0
18.1747	0
106.514	0
217.77	3
106.514	3
36.9064	0
36.9064	0
159.568	1
131.882	1
158.149	2
43.9024	1
43.6058	3
86.0665	0
144.157	2
132.186	1
28.0821	1
117.621	2
59.3464	3
258.941	2
118.858	3
169.579	0
37.0294	1
185.171	1
25.1045	2
131.723	3
65.288	2
190.457	3
266.228	2
43.6371	0
236.083	2
126.415	1
282.808	0
80.7303	0
240.883	3
43.6371	0
11.9521	2
99.6967	3
221.399	3
179.083	0
184.952	0
71.1343	1
106.317	1
70.0234	0
34.4836	0
35.5836	3
70.0234	0
57.1975	3
177.986	2
68.689	1
34.0081	2
31.0451	3
120.404	0
74.6226	1
32.9163	1
265.913	3
29.1673	0
179.914	3
137.782	1
126.803	2
137.782	3
97.1475	2
136.732	0
63.1197	1
105.403	1
63.6406	0
171.946	1
118.491	3
166.78	3
215.752	1
70.606	2
124.679	0
83.9337	0
66.2265	2
251.578	1
26.929	2
43.8869	1
59.1788	0
87.8249	0
34.8007	2
39.4537	3
268.421	3
295.416	1
147.366	1
41.4607	1
82.6353	2
42.8405	3
2.12444	3
148.355	3
118.508	1
76.1984	1
158.602	3
112.152	2
32.9565	2
29.1596	2
86.792	0
174.081	0
45.3153	2
164.788	1
201.875	3
22.2862	3
76.4162	0
128.776	1
264.243	1
21.5252	3
39.0269	2
41.7795	3
195.099	3
129.997	0
106.444	3
128.263	2
128.263	0
213.571	3
189.377	3
186.852	2
217.117	2
217.195	2
158.131	0
36.5081	3
169.579	3
18.9274	1
135.118	3
216.502	2
143.865	1
38.3761	1
112.174	0
65.0431	1
241.837	3
124.536	1
55.7979	2
31.7011	3
115.294	1
26.136	2
69.8974	0
65.288	1
261.265	0
89.0818	3
214.698	3
212.025	2
284.239	3
252.921	1
109.01	0
148.812	2
29.4458	3
226.921	2
290.449	2
58.4251	3
29.4458	0
218.913	2
34.4836	0
41.9934	1
50.3597	2
161.985	2
57.1975	0
209.905	1
114.862	3
13.8403	1
39.8977	2
124.714	0
31.4862	3
64.5429	2
42.5237	0
96.323	0
78.358	2
187.176	2
73.1609	2
141.485	3
116.421	2
116.421	2
51.2067	2
262.026	0
199.453	1
293.784	2
119.331	2
180.962	3
244.321	1
132.221	2
72.5474	3
89.3965	1
197.548	3
66.2265	0
11.7616	0
97.6231	2
41.4607	2
34.8007	0
6.71753	0
25.2689	2
138.23	0
69.6625	3
21.3737	3
24.2739	0
110.178	3
76.1984	3
68.5955	3
242.051	2
21.1579	2
56.0332	3
200.656	2
132.081	3
154.527	2
108.239	0
174.617	2
111.967	0
233.839	0
12.3067	3
123.845	1
140.524	0
140.524	1
160.14	0
41.7795	0
69.4751	2
124.291	0
153.909	0
134.063	1
63.6263	1
143.123	0
71.5418	0
156.247	1
133.591	2
140.008	1
78.3576	2
112.402	2
104.154	3
241.837	0
112.402	0
28.0821	2
26.5147	0
61.7595	1
41.2377	0
10.2814	3
20.6339	2
189.377	1
74.6173	0
202.131	0
66.9004	1
65.288	2
130.712	3
229.919	0
130.712	1
12.118	2
41.783	3
120.717	3
3.14561	2
22.742	0
159.325	3
58.9456	3
58.9456	0
117.94	2
115.294	1
84.2771	1
205.599	1
137.953	2
46.6953	2
46.6953	2
151.862	2
99.6967	1
214.698	2
156.872	3
61.861	2
38.9329	0
150.619	0
54.0066	0
72.438	3
65.6906	2
44.9979	0
60.5233	0
58.5005	1
28.9909	3
232.226	2
35.4175	0
13.8403	3
99.2658	3
59.0113	3
146.989	3
7.78045	0
105.403	0
95.0222	3
247.25	1
114.952	1
89.3965	2
197.548	3
15.0153	1
130.178	3
95.0814	3
28.0528	2
50.9509	0
155.255	2
103.764	0
44.6888	2
96.831	2
171.692	2
113.578	3
98.0444	2
72.6369	2
62.6993	3
13.191	2
152.076	3
64.9883	3
87.2871	0
88.3817	1
130.835	0
256.296	1
212.278	3
3.43036	2
93.4709	3
233.839	0
160.944	2
113.337	1
219.732	1
95.4191	0
33.1285	3
299.304	2
140.008	2
104.154	0
116.759	1
98.1457	2
59.1781	3
114.204	2
110.444	1
165.121	0
141.781	1
2.63669	2
206.406	2
140.008	1
25.1343	2
127.206	0
102.161	0
268.364	3
221.945	3
66.9004	1
143.865	2
274.05	1
40.6853	1
159.325	2
123.845	3
9.1019	3
18.9274	2
256.905	3
121.321	3
184.715	3
94.1725	2
115.294	0
94.0205	1
100.388	1
115.294	0
102.095	0
139.834	1
148.812	2
16.1714	1
162.576	3
291.531	0
46.6003	0
79.7192	2
19.988	2
76.7598	3
243.174	2
93.7642	1
79.7192	1
112.055	2
123.884	1
67.453	2
33.9165	2
132.286	2
2.34062	2
124.714	0
232.226	1
35.4175	2
61.5798	0
37.8956	2
92.0045	1
63.575	3
102.106	3
96.323	3
38.2658	0
267.53	2
23.0248	0
258.436	0
105.566	3
75.1366	2
59.2765	2
106.191	1
43.4487	3
74.5913	3
213.761	1
75.2726	1
39.0666	3
138.668	3
79.2521	3
87.2871	1
213.761	1
225.686	1
228.578	1
35.379	3
123.251	2
23.578	2
85.0059	1
225.686	1
38.7089	2
114.915	0
118.707	3
35.379	3
91.1784	3
11.4799	1
243.146	0
123.251	0
126.273	1
70.2951	0
182.136	0
102.193	1
174.44	1
32.2492	2
84.189	1
141.353	3
106.287	1
203.568	3
135.324	3
156.007	2
113.578	2
93.0174	3
15.4039	1
142.83	2
139.77	1
221.945	1
143.89	0
201.706	2
172.814	1
139.062	0
171.472	3
209.961	2
94.0205	2
229.925	0
46.9787	0
102.795	1
102.095	2
187.754	2
56.0379	3
86.578	1
239.368	3
160.891	0
63.6263	2
181.021	1
260.635	0
46.6003	0
9.25704	1
117.711	2
19.4043	0
212.021	1
122.118	2
200.866	0
113.876	2
161.113	3
123.884	0
293.288	3
2.6288	1
124.884	2
49.1881	0
13.7353	2
29.0508	0
66.754	2
124.884	3
50.4754	2
53.6542	0
130.539	1
237.43	3
39.6804	0
50.4754	1
116.759	3
130.253	3
59.1781	0
29.9452	1
85.5983	2
130.253	3
165.121	3
141.781	0
232.712	2
217.716	2
216.323	2
151.862	1
75.5738	3
156.872	3
43.8712	1
242.497	2
78.3769	0
136.677	2
274.017	1
94.4348	2
160.1	1
223.688	1
58.6512	3
78.8657	2
112.928	1
174.751	1
139.897	2
115.423	0
140.364	2
139.897	1
114.915	0
23.578	1
91.1784	2
172.325	0
19.5589	2
16.1714	0
281.039	2
19.5589	1
91.8841	0
174.44	2
93.7642	0
78.2215	3
67.453	1
68.8394	2
51.7234	2
224.888	1
84.0821	1
62.6993	3
47.9104	2
49.5802	0
100.326	1
40.4356	3
102.106	2
133.551	3
56.9271	1
128.214	0
287.875	3
160.891	3
239.368	3
132.105	3
130.539	0
224.464	2
273.701	1
43.4574	0
142.849	2
31.3689	0
174.341	0
194.739	2
46.9803	2
24.4349	0
194.635	1
243.944	3
158.136	0
75.5738	2
205.643	0
31.8787	0
143.561	2
25.1343	1
72.3496	3
231.401	3
6.70035	0
185.656	1
103.415	1
120.285	1
100.645	0
100.399	0
222.056	1
176.835	1
94.1725	3
60.4968	0
152.819	1
94.1725	2
39.1894	3
225.215	0
145.661	1
16.1714	0
100.388	3
21.117	2
214.74	3
93.7642	2
168.27	2
161.468	1
62.4498	0
67.453	2
45.1665	3
204.391	1
93.7642	1
105.125	3
119.917	0
102.106	0
44.0707	1
169.404	3
8.56786	2
72.64	2
86.5913	3
119.464	0
76.045	1
152.72	3
8.72781	1
90.7811	2
136.488	3
45.1665	2
132.286	3
212.021	0
41.4436	0
134.512	2
90.6868	1
219.932	2
89.8426	2
173.474	0
181.88	0
141.069	3
119.169	0
97.6568	1
226.845	0
119.27	2
157.915	2
118.707	1
13.1232	0
186.384	1
273.701	3
53.6542	2
133.707	1
142.849	0
126.273	3
235.542	2
55.4635	0
74.5913	1
54.0497	0
58.433	3
106.944	0
198.551	1
30.6412	0
168.98	1
260.305	3
65.143	1
25.5642	2
71.9239	1
213.199	3
96.8792	0
139.062	2
137.411	2
22.5839	1
65.6029	3
116.749	1
12.9535	1
154.547	0
214.719	1
74.012	1
45.2487	3
90.6868	2
102.935	0
95.6536	2
156.007	2
209.121	0
17.4685	1
140.981	0
146.827	1
137.093	1
57.244	1
11.0743	0
56.7106	2
201.685	1
209.961	3
167.016	3
260.635	2
293.555	3
129.685	2
259.414	3
7.22237	3
186.492	1
90.6868	0
74.6341	2
100.326	2
157.058	0
88.4581	1
119.066	1
130.809	2
122.707	1
25.5642	2
51.1342	0
105.02	3
167.016	0
132.105	2
136.677	2
99.9491	2
12.5656	2
99.2163	2
65.8216	0
166.411	0
223.688	2
29.8385	2
150.881	1
75.7213	0
8.67088	0
154.103	1
202.702	3
47.3	0
67.2105	0
168.98	1
271.623	1
216.33	0
75.5453	2
297.024	1
112.3	1
114.296	0
4.88568	2
141.338	1
126.458	1
280.637	1
118.017	0
190.71	3
12.4337	0
182.562	1
197.529	3
42.8591	1
105.193	1
78.4877	0
207.017	3
102.702	0
86.2381	2
237.106	3
92.675	0
174.715	0
98.424	2
76.6404	2
100.326	1
19.274	3
40.5726	0
174.398	2
182.562	0
130.809	0
79.4072	0
51.7234	1
82.042	0
132.105	0
33.6651	1
122.911	3
18.7823	0
51.831	3
81.6721	3
181.718	1
93.4287	3
192.963	3
71.3096	0
162.024	2
91.2748	2
243.944	3
68.0456	2
78.4076	2
73.5837	1
92.0276	1
181.718	2
89.8426	3
27.9344	0
114.296	3
71.3096	2
103.696	0
243.944	1
158.136	0
7.85059	0
12.0991	2
114.296	3
19.3065	3
23.76	2
219.853	2
35.3975	1
187.361	2
241.91	1
94.1574	1
47.1361	1
286.707	2
275.896	0
152.819	3
214.129	1
251.028	2
113.41	2
15.6837	2
61.7564	2
96.8792	3
2.73455	1
125.538	1
231.779	1
19.5057	0
189.877	3
185.763	2
130.623	1
114.3	0
47.2586	0
237.504	1
62.4498	2
45.2487	2
33.6651	1
15.8883	1
119.464	3
145.307	0
50.8268	2
57.5026	1
154.657	0
127.211	3
12.2381	2
69.2387	0
73.5837	1
33.3397	2
22.8766	0
208.805	1
118.82	2
100.291	2
119.169	1
70.7111	2
121.655	3
226.845	1
162.443	3
91.0238	0
186.384	0
136.888	2
130.153	3
145.988	2
144.033	2
189.111	0
172.692	1
159.847	1
82.8375	0
283.108	1
113.41	1
129.528	0
32.6986	3
21.9375	2
94.5566	2
11.474	0
113.41	1
166.09	1
62.1639	2
126.873	3
28.2785	2
102.956	3
189.877	3
45.2487	1
203.362	2
53.5232	1
54.8522	1
0.797265	2
57.3276	2
51.689	2
207.017	1
137.966	0
235.736	3
201.99	3
127.211	3
41.4749	3
193.639	2
232.858	0
189.588	0
138.907	2
132.604	1
80.583	1
78.7142	2
88.4581	0
195.767	1
185.226	0
100.099	1
88.4581	1
82.042	1
51.1342	3
124.538	0
95.1697	1
63.1125	0
95.9003	0
1.42737	3
33.2887	0
102.493	2
91.5734	1
93.0137	0
211.109	3
155.548	3
69.8863	0
75.7213	2
6.82561	1
67.371	1
121.258	3
216.33	1
112.712	0
35.5876	0
141.338	0
82.8375	3
106.267	2
118.017	1
21.9375	3
178.137	2
48.5059	0
26.3305	2
82.2041	3
25.7181	1
23.6079	3
146.712	1
59.0355	3
205.263	1
263.363	1
68.3855	2
32.4225	3
252.09	3
94.1574	0
115.858	3
68.3855	2
217.019	2
48.1267	2
108.479	0
214.129	0
40.2886	3
65.5318	0
17.762	0
79.5937	2
108.479	2
138.907	1
182.811	3
44.2951	0
184.063	3
49.0755	3
90.88	3
106.932	1
185.226	3
17.5506	0
82.042	1
79.4072	0
82.042	2
248.293	0
270.07	3
125.438	3
82.5411	1
91.1794	3
16.1228	0
11.9328	0
79.0871	2
102.493	1
62.2033	0
262.055	2
91.2748	1
91.2748	0
125.541	2
69.2387	3
258.251	3
33.3397	2
205.598	3
118.82	2
78.9994	1
194.488	3
157.181	0
182.91	2
18.7413	3
44.8363	2
103.568	0
165.053	1
18.7413	1
94.6892	2
57.0386	0
78.2388	3
90.4704	3
7.29216	3
74.5908	2
55.2913	2
95.1157	3
188.872	1
9.51653	3
70.2939	0
235.97	1
231.37	0
115.858	3
250.677	2
25.2437	0
245.19	0
51.3939	2
283.108	1
31.9216	3
31.9216	3
105.982	1
23.2125	3
239.64	0
76.5224	0
182.811	1
274.835	0
299.416	0
56.1711	3
229.86	1
2.30684	1
213.324	0
173.508	3
79.0871	3
24.8058	2
141.636	3
54.8522	2
203.353	0
91.1794	1
62.2033	1
79.0871	0
228.358	1
175.797	1
79.4982	1
153.268	3
145.307	3
50.57	3
21.9788	2
162.899	3
69.2387	2
101.274	3
95.7904	0
181.204	1
96.4607	0
190.441	0
50.57	3
67.0445	0
29.9532	3
213.216	2
68.964	1
80.583	3
128.697	1
100.291	0
169.479	1
139.51	2
67.5725	2
101.526	0
47.0898	0
173.379	1
41.9014	0
299.558	3
239.608	3
132.536	2
291.447	1
113.213	0
157.181	2
61.5144	2
152.269	0
157.198	3
36.3292	0
106.267	2
124.542	1
120.759	1
247.441	3
48.2576	1
57.7983	3
27.878	3
267.659	2
286.945	3
43.6567	2
190.926	2
192.266	2
105.588	1
183.161	2
151.03	3
129.528	1
64.0782	1
215.419	0
24.3374	1
109.237	3
255.415	3
122.187	0
80.583	2
185.815	1
71.5051	3
95.1697	0
67.4418	3
75.6456	0
23.0074	2
27.083	3
242.806	2
167.636	0
184.785	3
93.0137	3
87.5608	3
198.002	3
280.214	1
177.999	1
36.1575	2
125.541	0
54.8522	3
87.8367	3
152.269	0
69.7274	0
41.3184	1
103.656	1
109.746	1
163.838	2
21.9803	1
78.2388	3
113.991	2
165.116	0
5.80093	3
141.429	3
38.8967	2
160.976	1
116.928	2
59.8417	0
64.0782	3
193.719	3
83.4787	2
119.267	2
42.9092	0
236.343	0
267.43	2
72.7627	3
139.51	2
149.767	3
169.58	3
28.7382	2
129.254	3
219.703	1
154.18	0
157.603	0
34.9922	2
101.299	1
33.2887	1
106.932	2
93.0137	0
17.5506	1
29.3165	2
174.68	3
35.3507	3
88.4572	1
74.8499	2
30.1885	2
143.546	3
82.5411	2
142.576	2
71.3816	3
68.964	2
89.1867	3
28.7191	2
64.2434	2
217.264	0
120.396	2
36.1575	0
193.4	0
232.535	0
74.6164	3
69.7601	1
76.9482	1
36.3089	1
73.5903	0
22	1
153.436	0
152.269	0
192.667	0
51.713	1
15.4111	2
230.33	1
133.126	1
155.284	1
267.673	3
82.2041	2
8.47112	1
153.881	0
59.0355	0
16.9581	0
146.838	3
170.344	2
122.076	0
30.3494	0
135.377	0
120.304	2
130.809	1
29.8386	2
84.4457	2
85.5619	3
104.305	2
275.192	0
140.273	2
38.8369	1
147.398	0
41.8258	0
158.111	2
116.928	0
20.6083	0
64.0782	1
71.5051	1
57.3957	2
180.231	0
109.237	3
73.6028	0
22.3605	2
145.937	2
84.4833	2
52.618	0
193.813	0
63.8992	2
63.7263	1
104.026	3
21.7776	3
88.4572	3
136.307	0
162.899	1
284.882	2
142.576	1
67.0445	3
124.111	2
76.1269	1
127.309	3
183.172	0
97.1846	0
223.739	2
169.479	0
14.3718	1
138.841	2
143.298	0
29.5481	1
21.9803	1
152.075	1
160.064	0
89.4832	1
192.667	0
152.008	2
122.719	0
57.0386	0
65.3529	3
184.678	0
68.5643	2
54.2753	0
107.442	2
216.157	3
110.735	3
20.3583	0
102.444	0
187.527	1
243.185	0
43.6534	2
109.956	0
129.157	1
204.599	0
194.645	0
85.5619	2
67.0543	1
46.0554	0
23.0074	3
212.962	2
83.4286	1
98.3173	3
158.111	1
88.8014	3
54.2485	1
187.841	0
57.3957	1
115.895	1
59.9408	0
55.9971	2
203.353	1
87.1853	2
69.4777	1
110.602	1
103.188	0
69.7274	0
40.5302	3
29.3165	2
181.099	0
149.848	3
136.44	1
74.8499	2
90.0538	0
43.9966	3
25.3827	0
43.2798	2
48.5793	2
18.662	2
242.024	0
22.1547	3
187.497	1
170.374	2
277.901	2
110.401	2
150.37	0
94.3402	3
24.1406	2
29.2867	2
36.3089	0
236.086	0
21.8324	2
235.326	1
25.5144	1
107.442	3
147.398	2
17.2485	2
174.68	2
170.13	3
51.4842	0
106.703	3
204.599	1
192.3	3
130.809	1
110.95	3
8.96572	2
115.055	2
181.261	0
58.6731	2
41.8258	3
113.368	2
115.762	2
81.0169	2
22.6574	3
291.41	0
167.525	3
65.314	1
52.3049	3
24.8515	0
73.6028	2
184.482	2
33.9847	1
23.0074	1
39.5107	3
40.5302	0
183.185	2
66.2372	2
223.739	3
149.848	3
124.129	2
62.5418	0
180.501	2
22.0179	1
33.1207	2
50.2704	2
69.7274	1
204.462	1
133.649	0
162.587	1
18.9541	1
103.682	2
22.6267	1
62.0183	0
42.9653	3
93.4844	3
136.193	0
111.676	2
147.719	3
180.983	0
21.8324	2
155.796	0
226.434	3
288.083	0
200.899	3
20.8314	1
27.0607	2
146.044	3
198.905	2
3.61269	3
99.0972	1
99.2542	1
103.87	3
130.829	2
216.157	2
127.28	2
20.3583	1
32.0917	1
125.807	3
27.1467	2
110.95	3
77.2747	2
127.898	2
36.3697	1
139.761	0
155.323	0
98.3173	0
52.3049	0
208.35	1
115.762	2
3.18603	0
103.44	2
110.602	2
139.409	2
46.3542	1
229.097	1
42.5172	3
22.1547	0
234.402	1
171.992	2
107.819	2
119.83	1
260.034	3
42.8856	0
43.9966	3
110.723	2
160.064	1
292.745	2
99.9464	3
21.472	2
73.8736	1
159.992	2
242.024	2
16.9581	3
263.836	1
135.377	2
134.927	3
111.91	1
287.855	1
20.3583	2
135.146	3
163.865	2
161.553	1
40.2574	2
155.796	3
20.1558	3
63.3703	3
43.8405	2
23.654	1
14.7334	1
238.14	1
225.007	3
145.966	3
26.4201	0
103.87	2
73.9467	0
23.0588	0
154.74	0
114.116	0
36.2737	3
238.673	1
139.761	1
78.6247	2
44.7547	2
16.7759	1
54.3669	1
152.609	3
86.0301	2
49.2396	0
184.482	3
77.7956	0
288.971	2
110.94	2
79.0065	0
33.9847	0
103.44	1
66.4922	1
18.6333	0
183.185	2
15.0535	2
21.0251	2
93.0854	1
37.759	1
138.841	0
121.32	1
27.8021	3
48.5793	0
126.854	1
80.5662	0
242.024	1
176.644	1
62.1041	2
249.177	2
182.367	0
115.815	2
254.823	3
111.39	2
62.0183	3
143.835	3
108.276	3
131.854	1
32.8124	0
111.676	2
42.4205	2
67.9154	3
30.3656	1
104.739	3
18.9425	1
151.333	0
99.7914	2
27.0607	3
110.385	1
64.908	3
278.254	2
99.0972	0
213.277	0
6.35932	1
161.553	0
98.9975	0
121.664	3
167.525	0
29.8208	2
73.8133	0
61.9738	1
155.323	1
5.39337	3
24.8515	0
60.0768	1
137.017	0
181.225	2
4.45279	3
244.533	1
230.374	2
124.129	1
42.7687	0
43.2037	1
80.5662	1
81.3548	2
115.895	0
33.1207	2
153.661	2
91.5468	2
177.499	1
139.409	0
152.609	2
207.607	3
150.591	0
263.331	0
51.8131	0
234.402	0
21.0251	1
88.2402	0
37.759	2
64.0484	1
266.634	2
179.549	3
100.344	0
235.01	0
134.927	1
93.0624	3
91.7635	3
170.374	3
192.744	1
242.963	3
63.2304	1
85.7258	1
196.934	3
113.14	0
286.265	3
31.9471	3
16.7361	1
84.2133	3
63.3703	3
234.591	3
125.641	0
42.4205	1
33.2724	1
170.048	1
23.654	1
115.941	1
37.7201	3
94.418	0
43.98	3
25.5144	1
259.194	3
138.638	0
106.703	3
48.0913	2
41.0822	0
140.704	1
238.673	3
117.08	0
29.2584	2
47.8699	1
70.6621	0
273.103	2
54.3697	0
71.1024	1
87.6224	3
178.333	2
149.505	2
75.985	0
33.9847	0
76.25	1
17.0699	0
156.017	1
150.527	3
47.094	1
196.747	2
80.4369	0
51.0799	3
55.4105	2
135.906	1
64.4182	3
154.89	0
287.056	0
120.026	3
33.1207	3
182.646	3
127.041	3
44.5302	3
31.8297	3
108.323	0
34.948	0
69.3976	2
130.032	0
117.283	0
198.364	3
121.925	2
79.938	0
214.47	3
34.2579	2
142.462	1
134.01	2
67.9154	3
203.64	0
171.225	0
150.613	1
32.5728	2
42.2344	0
213.18	1
100.344	0
22.0725	3
139.959	2
95.2482	3
154.701	0
149.441	2
90.4834	2
298.851	3
18.9425	1
47.5211	1
187.282	2
28.6244	1
54.3697	1
84.1344	2
116.567	2
81.4184	3
24.7031	2
273.103	2
228.616	2
139.409	3
142.92	0
136.025	2
87.6224	3
120.371	3
154.35	2
37.3784	0
93.0854	3
182.205	1
95.6885	2
117.546	3
43.4883	0
108.14	1
56.679	0
29.5377	0
136.982	2
57.5739	3
196.664	3
298.831	3
72.5776	2
111.7	2
153.813	1
203.594	2
37.8709	3
77.6451	1
108.988	0
32.8718	0
147.223	2
151.618	0
70.5906	2
205.626	2
160.921	2
33.6994	2
29.1642	3
145.966	0
16.5028	1
140.064	2
54.6123	3
266.229	3
94.1023	0
20.079	3
93.0854	0
29.2997	0
